iter	R2	RMSE
0	0.1142448886	43882612.85
1	0.2079604868	41496270.77
2	0.2864940588	39385325.74
3	0.3473932182	37667035.04
4	0.4025254285	36040877.64
5	0.4480430763	34640825.88
6	0.4830543701	33524173.45
7	0.5117661405	32579888.39
8	0.5382490732	31683965.57
9	0.5605303097	30910078.54
10	0.5786634818	30265663.26
11	0.5931607634	29740417.45
12	0.6075432164	29210000.53
13	0.6176471304	28831538.77
14	0.6306681728	28336356.78
15	0.6401139252	27971655.2
16	0.6469797205	27703553.05
17	0.655092787	27383362.98
18	0.6613971944	27131944.56
19	0.6676470226	26880381.72
20	0.672994597	26663251.49
21	0.6775793645	26475676.12
22	0.6809043334	26338806.88
23	0.6840876286	26207099.74
24	0.6868306382	26093075.95
25	0.6906984601	25931443.08
26	0.6929735913	25835895.02
27	0.6951675685	25743419.27
28	0.6975055961	25644504.8
29	0.6989231567	25584346.12
30	0.7019810021	25454092.61
31	0.7036765192	25381581.44
32	0.7059182567	25285391.19
33	0.7082977988	25182885.91
34	0.7095431239	25129073.46
35	0.7127380863	24990484.12
36	0.7143350717	24920922.06
37	0.7164219864	24829725.76
38	0.717090637	24800435.39
39	0.7178348286	24767795.2
40	0.7189137608	24720396.78
41	0.7198085695	24681018.02
42	0.7211334428	24622597.3
43	0.721719476	24596711.72
44	0.7223405154	24569250.11
45	0.723812968	24504017.07
46	0.7247831332	24460941.44
47	0.7271969365	24353437.25
48	0.7288766726	24278345.51
49	0.7297600142	24238762.85
50	0.7314296202	24163770.45
51	0.7324159806	24119357.31
52	0.7338729641	24053603.25
53	0.7353619286	23986219.64
54	0.7359372995	23960130.27
55	0.7374445393	23891651.57
56	0.7380975265	23861923.27
57	0.7395783397	23794369.23
58	0.7414799307	23707337.18
59	0.7431897542	23628808.26
60	0.7443908623	23573487.22
61	0.7465959004	23471587.45
62	0.7480538004	23403970.97
63	0.7486500463	23376261.11
64	0.7496316578	23330570.12
65	0.7499618837	23315179
66	0.7504685727	23291543.53
67	0.7523167626	23205127.16
68	0.7532662212	23160607.67
69	0.7538815105	23131711.4
70	0.7554028967	23060106.01
71	0.7559130303	23036046.3
72	0.7576736953	22952813.33
73	0.7593258015	22874436.9
74	0.7613609358	22777518.78
75	0.761660898	22763198.95
76	0.7622511093	22734996.64
77	0.7627888416	22709271.47
78	0.7640531558	22648671.42
79	0.7651977448	22593669.76
80	0.7663251556	22539362.37
81	0.7668665549	22513236.6
82	0.7673396691	22490381.14
83	0.7687805511	22420630.72
84	0.7690115294	22409429.3
85	0.7700853355	22357280.78
86	0.7704874221	22337722.44
87	0.7710933475	22308216.57
88	0.7720063956	22263681.33
89	0.7724393976	22242529.85
90	0.7730107311	22214590.29
91	0.7733793722	22196544.2
92	0.7749401062	22119978.46
93	0.7763867572	22048771.9
94	0.7780504183	21966598.4
95	0.7795799233	21890779.14
96	0.7800902874	21865421.33
97	0.7805753431	21841293.69
98	0.780952524	21822513.53
99	0.7817995146	21780282.12
100	0.7828361354	21728483.95
101	0.7833575416	21702383.44
102	0.7836385634	21688303.05
103	0.7842855916	21655849.37
104	0.7857403906	21582701.25
105	0.7867871514	21529915.78
106	0.7876878439	21484392.36
107	0.7878929285	21474013.35
108	0.7896599082	21384380.55
109	0.7901277503	21360585.55
110	0.7909420171	21319107.66
111	0.791317423	21299957.67
112	0.7915325112	21288977.96
113	0.79184839	21272842.86
114	0.7926412886	21232287.56
115	0.7932076157	21203273.49
116	0.7934916486	21188706.96
117	0.7941689857	21153929.46
118	0.7946363532	21129899.37
119	0.7948912131	21116784.01
120	0.7962707303	21045650.75
121	0.7964084407	21038536.66
122	0.7968502624	21015696
123	0.7970697418	21004340.44
124	0.7976787871	20972797.07
125	0.7982500006	20943169.9
126	0.7985279813	20928736.68
127	0.7988231973	20913397.67
128	0.7996461158	20870580.46
129	0.7999659027	20853917.94
130	0.8007818413	20811342.93
131	0.8021063595	20742044.6
132	0.802560055	20718254.11
133	0.8034217804	20672992.33
134	0.8036379381	20661623.17
135	0.8041715038	20633532.64
136	0.8046323319	20609240.68
137	0.8052113231	20578679.27
138	0.8056650008	20554700.65
139	0.8059891884	20537548.92
140	0.807024761	20482663.89
141	0.8074817029	20458399.29
142	0.8076585761	20448999.21
143	0.8080889471	20426108.71
144	0.8085596636	20401042.9
145	0.8092806931	20362588.02
146	0.809455973	20353228.79
147	0.809737079	20338209.88
148	0.8101179771	20317841.58
149	0.8102197129	20312397.86
150	0.8105016669	20297303.32
151	0.8106442372	20289666.48
152	0.8116192266	20237363.5
153	0.8121848498	20206958.79
154	0.8124836875	20190876.48
155	0.8126417344	20182365.8
156	0.8131494852	20154999.62
157	0.8134347153	20139610.28
158	0.8136245236	20129362.83
159	0.8141604725	20100399.59
160	0.8143368964	20090856.32
161	0.8150873183	20050213.12
162	0.8158811154	20007130.84
163	0.8164050323	19978645.06
164	0.8166938691	19962923.39
165	0.8175803824	19914592.09
166	0.8181022117	19886087.87
167	0.8185108127	19863740.03
168	0.8187541944	19850416.67
169	0.8193214909	19819326.58
170	0.8198699809	19789220.71
171	0.8204557521	19757017.88
172	0.8210298904	19725403.54
173	0.8215553168	19696427.02
174	0.8225681086	19640452.34
175	0.8234024234	19594221.56
176	0.8240031439	19560866.98
177	0.8248800838	19512073.14
178	0.8252700605	19490335.19
179	0.8256816446	19467366.48
180	0.825970031	19451256.74
181	0.8265130213	19420888.14
182	0.8269401069	19396968.49
183	0.8270717664	19389588.73
184	0.8273081301	19376333.05
185	0.8275240848	19364214.02
186	0.827762881	19350804.31
187	0.8284120122	19314305.01
188	0.8286323147	19301902.17
189	0.8289154181	19285951.98
190	0.829317278	19263288.32
191	0.8294936083	19253335.41
192	0.8297972516	19236184.29
193	0.8299520164	19227436.6
194	0.8300534999	19221698.34
195	0.8304142725	19201285.02
196	0.8305459907	19193826.7
197	0.8312430428	19154308.94
198	0.8316202076	19132892.42
199	0.8319365469	19114911.25
200	0.8324437508	19086045.72
201	0.8326365447	19075062.14
202	0.8330216861	19053101.48
203	0.8336770502	19015674.47
204	0.8338527612	19005627.32
205	0.8343155723	18979138.31
206	0.8345067683	18968184.41
207	0.8349272027	18944074.82
208	0.8356412536	18903057.48
209	0.83603793	18880232.63
210	0.8362598126	18867453.41
211	0.8364015667	18859284.62
212	0.8368759533	18831921.63
213	0.837014435	18823926.39
214	0.8375832636	18791049.41
215	0.8376764234	18785659.51
216	0.8383269918	18747976.67
217	0.8386506566	18729200.81
218	0.8387465919	18723631.96
219	0.8388588217	18717115.15
220	0.8393306039	18689695.49
221	0.8394222517	18684364.31
222	0.8396414569	18671606.91
223	0.840163785	18641173.05
224	0.8403215498	18631970.99
225	0.8406358796	18613623.27
226	0.8409617158	18594584.81
227	0.8410560318	18589070.33
228	0.841176723	18582011.35
229	0.8414791451	18564311.53
230	0.841792162	18545973.83
231	0.8419342382	18537644.49
232	0.8422235196	18520673.55
233	0.8424863709	18505239.64
234	0.8427329227	18490751.1
235	0.8429478647	18478110.83
236	0.8431243528	18467725.47
237	0.843416562	18450517.72
238	0.8436175029	18438675.3
239	0.8438937216	18422383.97
240	0.8442900398	18398983.99
241	0.8444239453	18391071.03
242	0.8449773384	18358332.83
243	0.8452914503	18339724.28
244	0.845470959	18329081.38
245	0.8457422695	18312983.9
246	0.8459002029	18303606.83
247	0.8460228302	18296322.69
248	0.8463694617	18275716.86
249	0.846831811	18248195.85
250	0.8472797902	18221490.58
251	0.8475718102	18204061.37
252	0.8479774627	18179822.27
253	0.8481654691	18168577.29
254	0.848389516	18155167.58
255	0.848686466	18137379.16
256	0.8490463056	18115800.02
257	0.849249725	18103589.83
258	0.8494746838	18090077.15
259	0.8496503104	18079520.7
260	0.84988734	18065263.69
261	0.8501066131	18052064.69
262	0.8502140227	18045595.71
263	0.8503901454	18034983.33
264	0.8505414804	18025859.55
265	0.8506391547	18019968.45
266	0.8507303057	18014469.05
267	0.8507535647	18013065.5
268	0.8507741513	18011823.12
269	0.850793172	18010675.17
270	0.8510013144	17998108.41
271	0.8510699611	17993961.88
272	0.8512106103	17985463.15
273	0.8512276058	17984435.92
274	0.8513169195	17979036.75
275	0.8513353458	17977922.64
276	0.8516315958	17960001.04
277	0.8518656578	17945828.84
278	0.8522015717	17925470.05
279	0.8522916466	17920006.93
280	0.8523652678	17915540.5
281	0.8526308757	17899417.43
282	0.8527551547	17891868.39
283	0.8528520469	17885980.69
284	0.8529396345	17880656.71
285	0.8530522191	17873810.98
286	0.8531589008	17867321.76
287	0.8532410473	17862323.35
288	0.8533528113	17855520.54
289	0.8534415219	17850119.09
290	0.8535120372	17845824.37
291	0.8537215182	17833059.84
292	0.8539177389	17821095.03
293	0.8541920318	17804356.18
294	0.8542697234	17799612.16
295	0.8545017132	17785438.81
296	0.8546270879	17777774.37
297	0.8547965798	17767407.69
298	0.8548936299	17761469.07
299	0.8552276826	17741012.75
300	0.8553167112	17735556.94
301	0.855465016	17726464.86
302	0.8555437189	17721637.96
303	0.8556843959	17713006.85
304	0.856316208	17674190.65
305	0.856490869	17663445.07
306	0.8567390827	17648163.09
307	0.8568164382	17643397.78
308	0.8569275678	17636549.63
309	0.8570163334	17631077.71
310	0.8571636426	17621993.15
311	0.8575084221	17600712.25
312	0.8576566191	17591557.14
313	0.8579688092	17572255.48
314	0.8581464558	17561262.73
315	0.8584609583	17541784.45
316	0.8586173645	17532089.59
317	0.8588188461	17519592.82
318	0.8589588947	17510901.14
319	0.8590859639	17503011.25
320	0.8593522528	17486465.48
321	0.8594766545	17478730.46
322	0.8596363354	17468796.83
323	0.8598325963	17456579.85
324	0.8599349719	17450203.71
325	0.860106673	17439504.61
326	0.8602249204	17432132.53
327	0.8603198836	17426209.82
328	0.8605175011	17413878.28
329	0.8606550801	17405288.04
330	0.8607214817	17401140.51
331	0.8608663782	17392086.63
332	0.8609815598	17384886.13
333	0.8613421191	17362326.71
334	0.8614968091	17352639.1
335	0.8616364324	17343890.4
336	0.8617807653	17334841.97
337	0.8618386135	17331214.06
338	0.8619436329	17324625.89
339	0.8620160857	17320079.26
340	0.8621219849	17313431.62
341	0.8622224565	17307122.33
342	0.8624548548	17292519.65
343	0.8626714456	17278899.12
344	0.8627844303	17271789.69
345	0.8629058488	17264146.33
346	0.8630684807	17253903.24
347	0.8632792046	17240622.12
348	0.8633892177	17233684.34
349	0.8634842491	17227689.11
350	0.8636754601	17215619.89
351	0.8638608322	17203911.13
352	0.863955802	17197909.42
353	0.8640654344	17190978.48
354	0.8642206495	17181161.03
355	0.8642784752	17177502.08
356	0.8643326371	17174074.26
357	0.8644084135	17169277.34
358	0.8644786858	17164827.65
359	0.864558827	17159751.65
360	0.8646045629	17156854.14
361	0.8647463635	17147867.54
362	0.8648484648	17141393.96
363	0.864903064	17137931.18
364	0.8651026559	17125266.73
365	0.8652321502	17117045.08
366	0.865335056	17110508.73
367	0.8655516531	17096742.79
368	0.8657228148	17085856.68
369	0.8658631053	17076928.85
370	0.8660659143	17064014.18
371	0.8662367522	17053127.82
372	0.8663980378	17042843.78
373	0.8665093812	17035740.58
374	0.8665421237	17033651.19
375	0.8666135479	17029092.53
376	0.8667107617	17022885.88
377	0.86673926	17021065.97
378	0.866869424	17012751.18
379	0.8670066049	17003983.75
380	0.8670617943	17000455.24
381	0.8672417573	16988944.29
382	0.8673890299	16979518.52
383	0.8675082283	16971885.71
384	0.8676516379	16962698.01
385	0.8676960963	16959848.72
386	0.8678421532	16950484.72
387	0.8679098648	16946141.84
388	0.8681169153	16932855.14
389	0.8682450559	16924626.97
390	0.8683990396	16914734.07
391	0.8684889489	16908955.04
392	0.8685815096	16903003.52
393	0.8686581306	16898075.31
394	0.8687118403	16894619.89
395	0.8688265368	16887238.51
396	0.8689727285	16877825.54
397	0.8691525359	16866240.93
398	0.8693182043	16855560.22
399	0.8693669622	16852415.49
400	0.8694240706	16848731.43
401	0.8695095535	16843215.42
402	0.8695871396	16838207.42
403	0.8696298228	16835451.69
404	0.8697205562	16829592.2
405	0.8697783711	16825857.5
406	0.8698851085	16818960.35
407	0.8700382366	16809060.58
408	0.8701514266	16801739.08
409	0.8702386567	16796094.56
410	0.8703810124	16786878.9
411	0.8706145251	16771751.03
412	0.8707166464	16765130.93
413	0.8707828488	16760837.9
414	0.8709757494	16748322.6
415	0.8710268002	16745008.88
416	0.8711262747	16738550.09
417	0.8712128317	16732927.98
418	0.8712881588	16728033.75
419	0.8714685197	16716309.35
420	0.8715592462	16710408.54
421	0.8716027339	16707579.38
422	0.8716897103	16701919.56
423	0.8718316624	16692678.18
424	0.8718978729	16688365.98
425	0.8720163709	16680645.6
426	0.8721115097	16674444.52
427	0.8722239453	16667113.08
428	0.8722778049	16663599.99
429	0.8723275434	16660355.04
430	0.8724113332	16654887.16
431	0.872524008	16647531.49
432	0.8725711421	16644453.5
433	0.8727558161	16632388.29
434	0.8729657437	16618662.56
435	0.8730540447	16612885.77
436	0.8731566767	16606168.9
437	0.8732009034	16603273.6
438	0.8732395193	16600745.19
439	0.873293587	16597204.42
440	0.8733620855	16592717.52
441	0.8734509536	16586894.53
442	0.873566919	16579292.95
443	0.8736895976	16571247.51
444	0.8737855802	16564950.12
445	0.8738546059	16560419.88
446	0.8739193164	16556171.72
447	0.8739937151	16551286.2
448	0.8740805465	16545582.44
449	0.8741803667	16539023.05
450	0.8742228404	16536231.22
451	0.8742996971	16531178.18
452	0.8743769375	16526098.35
453	0.8744582037	16520752.08
454	0.8745169556	16516885.88
455	0.8746183777	16510209.62
456	0.8746702973	16506790.88
457	0.8747586329	16500972.66
458	0.8748689304	16493705.02
459	0.8749203705	16490314.48
460	0.8750141983	16484128.26
461	0.8751692658	16473899.31
462	0.8752255775	16470183.17
463	0.8752643368	16467624.86
464	0.8753161358	16464205.25
465	0.8753855938	16459618.73
466	0.8754320725	16456548.88
467	0.8755232858	16450522.74
468	0.8755630172	16447897.13
469	0.875635068	16443134.65
470	0.8757824593	16433387.96
471	0.8758246275	16430598.39
472	0.8760069819	16418529.61
473	0.8761042714	16412087.05
474	0.8762512422	16402349.77
475	0.8763519613	16395673.48
476	0.8764310349	16390430.08
477	0.8765195559	16384558.23
478	0.8766033725	16378996.49
479	0.8767161391	16371510.77
480	0.8768120008	16365144.55
481	0.8768913544	16359872.75
482	0.8769770908	16354175.02
483	0.8770482152	16349446.84
484	0.8771401541	16343332.94
485	0.8772507579	16335974.79
486	0.8773963333	16326285.03
487	0.8774567495	16322261.93
488	0.8775257761	16317664.24
489	0.8775649125	16315056.9
490	0.8776097707	16312067.84
491	0.8776451482	16309710.13
492	0.8776797675	16307402.62
493	0.8777645045	16301753.18
494	0.8778287686	16297467.38
495	0.8778742178	16294435.67
496	0.8779051642	16292371.05
497	0.8779379405	16290184.06
498	0.8780057469	16285658.78
499	0.8781054433	16279002.91
500	0.8781372484	16276878.99
501	0.8782036939	16272440.92
502	0.878265591	16268305.55
503	0.8783902692	16259972.56
504	0.8784409033	16256587.16
505	0.8785525602	16249119.28
506	0.8786175303	16244772.35
507	0.8787649272	16234906.19
508	0.878858909	16228612.3
509	0.8789105572	16225152.42
510	0.8789854438	16220134.5
511	0.8790628777	16214944.25
512	0.8790910609	16213054.78
513	0.8791172736	16211297.21
514	0.8791783391	16207202.02
515	0.8792492608	16202444.55
516	0.8793078647	16198512.31
517	0.8793781839	16193792.73
518	0.8794288069	16190394.24
519	0.8795078453	16185086.7
520	0.8795594519	16181620.3
521	0.8795883462	16179679.16
522	0.8796272466	16177065.43
523	0.8796858535	16173126.82
524	0.8797159777	16171101.98
525	0.879735059	16169819.28
526	0.8798585153	16161517.7
527	0.8799789402	16153415.84
528	0.8800448975	16148976.7
529	0.8801062319	16144847.59
530	0.8801484673	16142003.64
531	0.8802086955	16137947.27
532	0.8802517555	16135046.55
533	0.880299163	16131852.35
534	0.8803328456	16129582.52
535	0.8803683857	16127187.17
536	0.8804443374	16122066.94
537	0.8805646004	16113956.18
538	0.8806836571	16105922.75
539	0.8807239666	16103201.92
540	0.8808264509	16096282.35
541	0.8809045685	16091005.97
542	0.8809896823	16085255.07
543	0.8810535531	16080938.15
544	0.8811537862	16074161.22
545	0.881212416	16070195.84
546	0.8813217682	16062797.28
547	0.8814096713	16056847.44
548	0.8814460705	16054383.07
549	0.8814892857	16051456.74
550	0.8816246146	16042289.44
551	0.8816796725	16038558.27
552	0.8817344126	16034847.78
553	0.8817838732	16031494.41
554	0.8818333443	16028139.63
555	0.8818524544	16026843.53
556	0.8818756055	16025273.21
557	0.88193391	16021317.8
558	0.8820212923	16015387.91
559	0.8820527241	16013254.36
560	0.8821483662	16006760.56
561	0.88220827	16002691.94
562	0.8822844207	15997518.35
563	0.8823207847	15995047.23
564	0.8823759001	15991301.12
565	0.8824192908	15988351.31
566	0.8824455625	15986565.03
567	0.8824677676	15985055.09
568	0.8825210156	15981433.67
569	0.882541698	15980026.82
570	0.8825915674	15976634.13
571	0.8826500863	15972652.09
572	0.8826998841	15969262.71
573	0.882793594	15962882.59
574	0.8828673876	15957856.65
575	0.8829258895	15953871.08
576	0.8829960023	15949093.17
577	0.8831204396	15940609.74
578	0.8832290504	15933201.59
579	0.8833052292	15928003.5
580	0.8833692842	15923631.38
581	0.8834516171	15918009.91
582	0.8835008835	15914645.19
583	0.8835391097	15912033.99
584	0.8835878822	15908701.75
585	0.883724719	15899349.05
586	0.8837845612	15895257.14
587	0.883814384	15893217.51
588	0.8838758377	15889013.78
589	0.8839238758	15885726.97
590	0.883986181	15881462.97
591	0.8840553955	15876724.78
592	0.8841062809	15873240.44
593	0.8841673957	15869054.63
594	0.8841912912	15867417.7
595	0.8842393889	15864122.33
596	0.8843034791	15859730.18
597	0.8843391562	15857284.68
598	0.8844307365	15851005.53
599	0.8844924117	15846775.41
600	0.8846135776	15838461.71
601	0.8847161923	15831417.46
602	0.8848022173	15825509.64
603	0.8848584923	15821643.72
604	0.8849201657	15817405.88
605	0.8849534601	15815117.6
606	0.8849864124	15812852.51
607	0.885042683	15808983.8
608	0.8850547098	15808156.81
609	0.885087972	15805869.41
610	0.8850993738	15805085.24
611	0.8852231632	15796569.06
612	0.8853780566	15785906.59
613	0.8854394956	15781675.29
614	0.8854638576	15779997.16
615	0.8855114449	15776718.69
616	0.8855577727	15773526.35
617	0.8855857118	15771600.81
618	0.885637638	15768021.49
619	0.885663947	15766207.67
620	0.8856754272	15765416.13
621	0.8857220263	15762202.78
622	0.8857432762	15760737.22
623	0.8857852508	15757841.94
624	0.8858520283	15753234.73
625	0.8858764392	15751550.2
626	0.8859120084	15749095.35
627	0.885952539	15746297.61
628	0.8859730138	15744884.09
629	0.8860359345	15740539.43
630	0.8861237114	15734476.46
631	0.8861897188	15729915.62
632	0.8862862855	15723240.88
633	0.8863151524	15721245.03
634	0.8863533933	15718600.68
635	0.8864090496	15714751.27
636	0.8864454032	15712236.39
637	0.8864771348	15710040.94
638	0.8865412308	15705605.3
639	0.8865702158	15703599.03
640	0.8865975864	15701704.28
641	0.8866573753	15697564.55
642	0.8867209406	15693162.14
643	0.8867481222	15691279.22
644	0.8868154089	15686617.18
645	0.8868267818	15685829.05
646	0.8868375033	15685086.03
647	0.8868864258	15681695.17
648	0.8869173365	15679552.35
649	0.8869428054	15677786.54
650	0.8869636745	15676339.5
651	0.887024588	15672115.07
652	0.8870567445	15669884.51
653	0.8870884946	15667681.83
654	0.8871124153	15666022.12
655	0.8871268461	15665020.77
656	0.8871580904	15662852.51
657	0.887186912	15660852.11
658	0.8872346925	15657535.28
659	0.8872800056	15654389.09
660	0.8873310189	15650846.36
661	0.8873555729	15649140.88
662	0.8873843916	15647138.92
663	0.887410228	15645343.93
664	0.8874568764	15642102.49
665	0.8874794358	15640534.67
666	0.8875352925	15636652.11
667	0.8875745842	15633920.38
668	0.8876005345	15632115.96
669	0.8876546395	15628353.14
670	0.8877016094	15625085.8
671	0.8877592443	15621075.66
672	0.8878129001	15617341.45
673	0.887852501	15614584.82
674	0.8878924116	15611806.15
675	0.8879213617	15609790.26
676	0.8880044232	15604004.98
677	0.8880375166	15601699.41
678	0.8880947617	15597710.41
679	0.8882092459	15589729.78
680	0.8882720445	15585350.39
681	0.8883377722	15580765.42
682	0.8884129972	15575516.28
683	0.8884533763	15572697.93
684	0.8884801136	15570831.46
685	0.8884962142	15569707.41
686	0.8885523291	15565789.15
687	0.8886028879	15562258
688	0.8886378181	15559817.92
689	0.8887014386	15555372.67
690	0.8888041802	15548191.3
691	0.8888701828	15543576.14
692	0.8889235757	15539841.69
693	0.8889451224	15538334.4
694	0.8889612204	15537208.18
695	0.889018727	15533184.32
696	0.8890656738	15529898.59
697	0.8891043719	15527189.64
698	0.8892152097	15519428.15
699	0.8892666445	15515825.08
700	0.8893141725	15512494.95
701	0.889359537	15509315.72
702	0.8893778724	15508030.56
703	0.8894037853	15506214.1
704	0.8894129577	15505571.08
705	0.8894626803	15502084.85
706	0.8895012776	15499378.11
707	0.8895267196	15497593.66
708	0.8896085449	15491853.23
709	0.8896349124	15490002.96
710	0.8896729564	15487332.95
711	0.8897092044	15484788.56
712	0.8897384979	15482732.02
713	0.8897801575	15479806.86
714	0.8898304352	15476275.84
715	0.8899131734	15470463.35
716	0.889946524	15468119.8
717	0.8899963639	15464616.88
718	0.8900319105	15462118.05
719	0.8900821881	15458582.99
720	0.8901117114	15456506.81
721	0.8901863213	15451258.73
722	0.8902345921	15447862.41
723	0.8902572027	15446271.27
724	0.8903086408	15442650.9
725	0.8903975415	15436391.79
726	0.8904491252	15432758.84
727	0.8905683014	15424362.2
728	0.8905871181	15423036.04
729	0.8906155067	15421035.06
730	0.8906516913	15418484.19
731	0.8907258009	15413258.46
732	0.8907629503	15410638.24
733	0.8907993176	15408072.77
734	0.8908439907	15404920.79
735	0.8909188803	15399635.39
736	0.8909575497	15396905.56
737	0.8910084717	15393310.01
738	0.8910821	15388109.73
739	0.8911404933	15383984.22
740	0.8911754204	15381516.08
741	0.8912069046	15379290.9
742	0.8912246849	15378034.11
743	0.8912732513	15374600.71
744	0.8913224719	15371120.27
745	0.8913970032	15365848.59
746	0.8914398733	15362815.53
747	0.8914575415	15361565.32
748	0.8915102538	15357834.79
749	0.891611493	15350667.39
750	0.8916408612	15348587.6
751	0.891698982	15344470.77
752	0.8918261928	15335456.28
753	0.8918798626	15331651.51
754	0.8919190921	15328869.85
755	0.8919597363	15325987.34
756	0.8919829616	15324339.95
757	0.89200739	15322607.03
758	0.8920371845	15320493.17
759	0.8921068604	15315548.69
760	0.8921407241	15313145.01
761	0.8921799743	15310358.51
762	0.8922117974	15308098.91
763	0.8922486086	15305484.73
764	0.8923024967	15301657
765	0.8923668721	15297083.08
766	0.8923946097	15295111.89
767	0.8924685406	15289856.69
768	0.8925082626	15287032.4
769	0.8925454359	15284388.85
770	0.8925776271	15282099.24
771	0.8926099669	15279798.7
772	0.8926201807	15279072.06
773	0.8926472553	15277145.72
774	0.8927470338	15270044.43
775	0.8927725693	15268226.53
776	0.892793873	15266709.72
777	0.8928329048	15263930.3
778	0.8928905354	15259825.55
779	0.8929131874	15258211.86
780	0.8929552108	15255217.73
781	0.8929916756	15252619.16
782	0.8930559426	15248038.27
783	0.8930922322	15245450.97
784	0.8931233719	15243230.49
785	0.8931762616	15239458.34
786	0.8932102494	15237033.8
787	0.8932717219	15232647.64
788	0.8933304739	15228454.42
789	0.8934242788	15221757.01
790	0.8934816423	15217659.97
791	0.8935034016	15216105.58
792	0.8935349757	15213849.77
793	0.8935862757	15210183.95
794	0.8936136606	15208226.7
795	0.8936347577	15206718.68
796	0.893665873	15204494.28
797	0.893705299	15201675.31
798	0.8937376836	15199359.4
799	0.8937726014	15196861.94
800	0.8937998654	15194911.62
801	0.8938709497	15189825.47
802	0.8939006373	15187700.78
803	0.8939353633	15185215.14
804	0.8940076427	15180040.15
805	0.8940560284	15176574.9
806	0.8940840782	15174565.69
807	0.894119211	15172048.74
808	0.8941461183	15170120.79
809	0.894228964	15164183.25
810	0.8942783347	15160643.74
811	0.8943249933	15157297.92
812	0.8943592088	15154843.9
813	0.8943832637	15153118.39
814	0.8944187507	15150572.47
815	0.8944742891	15146587.15
816	0.8945546897	15140815.92
817	0.8945920976	15138130
818	0.8946755427	15132136.83
819	0.8946945434	15130771.84
820	0.8947512678	15126696.08
821	0.8948009406	15123126.09
822	0.8948404311	15120287.3
823	0.8948812895	15117349.62
824	0.8949056509	15115597.79
825	0.8949331379	15113620.94
826	0.8950152928	15107710.9
827	0.8950400621	15105928.59
828	0.8950810042	15102982.09
829	0.8951094307	15100935.97
830	0.8951618318	15097163.44
831	0.8952347696	15091910.85
832	0.8952690083	15089444.52
833	0.8953033542	15086970.07
834	0.895336312	15084595.25
835	0.8953532151	15083377.13
836	0.8954199125	15078569.61
837	0.8954491299	15076463.15
838	0.8954726424	15074767.78
839	0.8955280967	15070768.48
840	0.8955690069	15067817.41
841	0.8956751928	15060154.95
842	0.8957163456	15057184.28
843	0.8958000717	15051138.6
844	0.8958316258	15048859.51
845	0.8958569216	15047032.2
846	0.8958993978	15043963.32
847	0.8959198906	15042482.5
848	0.8959770498	15038351.38
849	0.8960395521	15033832.8
850	0.8960652828	15031972.21
851	0.8961156348	15028330.59
852	0.8962507622	15018553.37
853	0.8962921053	15015560.7
854	0.8963307225	15012764.8
855	0.8963840443	15008903.43
856	0.8964032326	15007513.64
857	0.8964268011	15005806.42
858	0.8964774814	15002134.66
859	0.8965704466	14995397.05
860	0.8966093644	14992575.6
861	0.8966371179	14990563.21
862	0.8966753124	14987793.31
863	0.8966982537	14986129.34
864	0.8967265518	14984076.57
865	0.8967534312	14982126.46
866	0.8968063619	14978285.58
867	0.8968708346	14973605.83
868	0.8968938294	14971936.39
869	0.8969562833	14967401.28
870	0.8969982706	14964351.58
871	0.8970481104	14960730.71
872	0.8971133928	14955986.61
873	0.8971446709	14953713.09
874	0.8971697335	14951891.11
875	0.8972544205	14945732.94
876	0.8973073582	14941882.19
877	0.8973286913	14940330.12
878	0.8973452521	14939125.14
879	0.8973674352	14937510.93
880	0.8973943377	14935553.05
881	0.8974283828	14933074.99
882	0.8974560226	14931062.87
883	0.8974757259	14929628.34
884	0.8975099814	14927133.97
885	0.8975725622	14922576
886	0.8976145184	14919519.4
887	0.8976506009	14916890.22
888	0.8976811405	14914664.56
889	0.897731866	14910967.05
890	0.897760357	14908889.88
891	0.8977887023	14906823.04
892	0.8978025619	14905812.34
893	0.8978331796	14903579.33
894	0.8978765974	14900412.21
895	0.8978892808	14899486.89
896	0.8979265656	14896766.43
897	0.8979932301	14891901.07
898	0.8980328279	14889010.37
899	0.8980576362	14887199.03
900	0.8980957572	14884415.26
901	0.8981372484	14881384.79
902	0.8982047884	14876450.43
903	0.898245412	14873481.75
904	0.8982653665	14872023.3
905	0.8982951549	14869845.84
906	0.8983206984	14867978.42
907	0.8983533159	14865593.49
908	0.8983868509	14863141.08
909	0.8984349877	14859620.14
910	0.898482374	14856153.27
911	0.8985049086	14854504.32
912	0.8985955712	14847868.28
913	0.8986416315	14844495.78
914	0.8986703998	14842388.99
915	0.8986827085	14841487.49
916	0.8986899911	14840954.09
917	0.898736711	14837531.68
918	0.8987549352	14836196.48
919	0.8987807065	14834308.13
920	0.898828497	14830805.72
921	0.898846692	14829472.05
922	0.8988966952	14825806.26
923	0.8989090257	14824902.16
924	0.898955448	14821497.88
925	0.8989751424	14820053.4
926	0.8990189785	14816837.73
927	0.8990591304	14813891.71
928	0.8990803349	14812335.66
929	0.899133602	14808426.05
930	0.8991434406	14807703.82
931	0.899216447	14802343.47
932	0.8992521249	14799723.19
933	0.8992651702	14798764.98
934	0.8992941843	14796633.63
935	0.8993542362	14792221.28
936	0.8994044176	14788533.16
937	0.8994258536	14786957.42
938	0.8994718195	14783577.96
939	0.8995003239	14781481.89
940	0.8995299296	14779304.54
941	0.8995505499	14777787.82
942	0.8995978159	14774310.6
943	0.8996251187	14772301.64
944	0.8996685683	14769104.03
945	0.899722388	14765142.28
946	0.8997809884	14760827.42
947	0.8998051365	14759048.97
948	0.8998446556	14756138.04
949	0.8999123295	14751151.91
950	0.8999333108	14749605.7
951	0.8999809689	14746092.93
952	0.9000346975	14742131.71
953	0.900090365	14738026.43
954	0.9001654914	14732484.3
955	0.9001804064	14731383.77
956	0.9002190806	14728529.72
957	0.9002376919	14727156.06
958	0.9002808193	14723972.43
959	0.9003057917	14722128.67
960	0.90038249	14716464.46
961	0.9004436133	14711948.9
962	0.9004744318	14709671.62
963	0.9004908476	14708458.46
964	0.9005282943	14705690.7
965	0.900561884	14703207.57
966	0.9006002429	14700371.37
967	0.9006474565	14696879.71
968	0.9006610212	14695876.39
969	0.9006949958	14693363.13
970	0.9007062267	14692532.23
971	0.900730495	14690736.63
972	0.9007478114	14689455.26
973	0.9007580079	14688700.69
974	0.9007795538	14687106.11
975	0.9008033711	14685343.23
976	0.9008257458	14683686.93
977	0.9008440834	14682329.34
978	0.9008720297	14680260.15
979	0.9009017685	14678057.91
980	0.9009196886	14676730.72
981	0.9009396746	14675250.39
982	0.9009579053	14673899.94
983	0.9009819383	14672119.49
984	0.9010070694	14670257.45
985	0.9010303765	14668530.35
986	0.9010463108	14667349.48
987	0.901085899	14664415.21
988	0.9011020873	14663215.17
989	0.9011171531	14662098.25
990	0.9011344624	14660814.91
991	0.9011492257	14659720.24
992	0.9011768532	14657671.5
993	0.9011965489	14656210.77
994	0.901213255	14654971.65
995	0.9012474013	14652438.63
996	0.9012768569	14650253.23
997	0.901295565	14648865.06
998	0.9013110571	14647715.4
999	0.9013296304	14646336.99
1000	0.9014068317	14640606.1
1001	0.901420273	14639608.08
1002	0.9014337601	14638606.59
1003	0.9014512286	14637309.37
1004	0.9014967273	14633930.05
1005	0.9015062235	14633224.64
1006	0.9015659606	14628786.39
1007	0.9015943722	14626675.05
1008	0.9016060226	14625809.18
1009	0.9016239275	14624478.38
1010	0.9016481186	14622680.16
1011	0.9016637873	14621515.33
1012	0.9016935387	14619303.3
1013	0.9017061253	14618367.39
1014	0.9017314471	14616484.32
1015	0.9017615325	14614246.7
1016	0.9018001316	14611375.36
1017	0.9018181473	14610035
1018	0.9018530876	14607435.11
1019	0.9018710708	14606096.81
1020	0.9018984016	14604062.62
1021	0.9019208855	14602388.98
1022	0.9019364988	14601226.65
1023	0.9019573252	14599676.08
1024	0.9019874642	14597431.89
1025	0.9020118098	14595618.83
1026	0.9020345965	14593921.66
1027	0.9020871575	14590006.12
1028	0.902148657	14585423.38
1029	0.9021600211	14584576.41
1030	0.9021862429	14582621.89
1031	0.9022124349	14580669.33
1032	0.9022631817	14576885.53
1033	0.9022723609	14576201
1034	0.9022859624	14575186.63
1035	0.9023032424	14573897.81
1036	0.9023192807	14572701.51
1037	0.902338885	14571239.08
1038	0.902364738	14569310.29
1039	0.902391872	14567285.66
1040	0.9024058824	14566240.14
1041	0.9024164132	14565454.25
1042	0.9024405997	14563649.08
1043	0.9024734342	14561198.11
1044	0.902515116	14558086.13
1045	0.9025295054	14557011.65
1046	0.9025434611	14555969.49
1047	0.9025587894	14554824.74
1048	0.9026060882	14551291.79
1049	0.9026223498	14550076.95
1050	0.9026459734	14548311.93
1051	0.9026815724	14545651.78
1052	0.9027223527	14542603.86
1053	0.9027415342	14541170.01
1054	0.9027680053	14539191.02
1055	0.9028950754	14529687.46
1056	0.9029267098	14527320.55
1057	0.9029912305	14522491.89
1058	0.9030157326	14520657.76
1059	0.9030304497	14519555.98
1060	0.9030619832	14517194.98
1061	0.9030730162	14516368.83
1062	0.9030893163	14515148.17
1063	0.9031529701	14510380.4
1064	0.903181222	14508263.78
1065	0.9032143932	14505778.23
1066	0.9032472107	14503318.75
1067	0.9032549274	14502740.37
1068	0.9032798541	14500871.91
1069	0.9032906094	14500065.64
1070	0.9033383996	14496482.5
1071	0.9033818763	14493222
1072	0.903416396	14490632.69
1073	0.9034503953	14488081.98
1074	0.9034640179	14487059.85
1075	0.9034954541	14484700.86
1076	0.9035281186	14482249.29
1077	0.903559223	14479914.42
1078	0.9035739518	14478808.67
1079	0.9035997983	14476868.05
1080	0.9036261327	14474890.54
1081	0.9036640459	14472043.07
1082	0.9036984048	14469462.06
1083	0.9037299611	14467091.17
1084	0.903764071	14464528
1085	0.9037815339	14463215.57
1086	0.9038076303	14461254.08
1087	0.9038314429	14459464.02
1088	0.9038414284	14458713.31
1089	0.9038788244	14455901.54
1090	0.9038904642	14455026.25
1091	0.9038994055	14454353.84
1092	0.9039302839	14452031.46
1093	0.9039522348	14450380.3
1094	0.9039913428	14447438.1
1095	0.9040194031	14445326.68
1096	0.9040346174	14444181.74
1097	0.9040648454	14441906.69
1098	0.9041120367	14438354.21
1099	0.9041279847	14437153.47
1100	0.9041666717	14434240.28
1101	0.90419831	14431857.43
1102	0.9042260325	14429769.18
1103	0.9042323348	14429294.41
1104	0.9042426817	14428514.9
1105	0.9042853971	14425296.41
1106	0.9043311772	14421846.2
1107	0.904364708	14419318.64
1108	0.9043745397	14418577.43
1109	0.9043822261	14417997.94
1110	0.9044052096	14416265.02
1111	0.9044369756	14413869.56
1112	0.9044624213	14411950.44
1113	0.904490228	14409852.95
1114	0.9045120484	14408206.8
1115	0.9045239187	14407311.22
1116	0.9045843597	14402750.23
1117	0.9046068184	14401055.09
1118	0.9046304176	14399273.65
1119	0.9046682246	14396419.24
1120	0.9046813995	14395424.41
1121	0.9047077081	14393437.65
1122	0.9047172426	14392717.57
1123	0.9047265933	14392011.32
1124	0.9047474993	14390432.21
1125	0.9047638177	14389199.49
1126	0.9047828072	14387764.86
1127	0.9048163384	14385231.27
1128	0.9048395435	14383477.66
1129	0.9048702424	14381157.41
1130	0.9048906457	14379615.1
1131	0.9049138252	14377862.73
1132	0.9049434433	14375623.3
1133	0.9049912447	14372008.29
1134	0.9050351663	14368685.89
1135	0.9050584044	14366927.76
1136	0.9050752391	14365653.95
1137	0.9050870031	14364763.76
1138	0.9051183725	14362389.74
1139	0.9051733093	14358231.2
1140	0.9051883165	14357094.99
1141	0.9052067404	14355699.98
1142	0.9052199047	14354703.13
1143	0.9052304089	14353907.66
1144	0.9052824513	14349965.92
1145	0.9052922192	14349225.98
1146	0.905311661	14347753.08
1147	0.9053378767	14345766.76
1148	0.9053630844	14343856.55
1149	0.9054087492	14340395.49
1150	0.9054164418	14339812.37
1151	0.9054829648	14334768.71
1152	0.9055006582	14333426.93
1153	0.9055572581	14329133.82
1154	0.9055667171	14328416.22
1155	0.9056095849	14325163.67
1156	0.9056377975	14323022.67
1157	0.905660341	14321311.66
1158	0.9057113878	14317436.53
1159	0.9057195174	14316819.29
1160	0.9057343383	14315693.94
1161	0.9057796484	14312253.01
1162	0.9057952083	14311071.18
1163	0.9058519399	14306761.35
1164	0.905880987	14304554.18
1165	0.9058993006	14303162.42
1166	0.905922815	14301375.24
1167	0.9059337712	14300542.45
1168	0.9059691063	14297856.26
1169	0.9060076929	14294922.32
1170	0.9060248573	14293617.03
1171	0.906039988	14292466.29
1172	0.906050845	14291640.52
1173	0.9061044453	14287563.08
1174	0.9061225915	14286182.41
1175	0.9061880357	14281201.92
1176	0.9062279018	14278167.15
1177	0.9062553029	14276080.88
1178	0.9062667131	14275212.05
1179	0.9062895426	14273473.52
1180	0.906316305	14271435.22
1181	0.9063391909	14269691.93
1182	0.9063808816	14266515.69
1183	0.9064284925	14262887.54
1184	0.9064558397	14260803.15
1185	0.9064791786	14259024.04
1186	0.9064966126	14257694.9
1187	0.9065223728	14255730.77
1188	0.9065448479	14254016.89
1189	0.9065669876	14252328.39
1190	0.9066032181	14249564.81
1191	0.9066329665	14247295.27
1192	0.9066442827	14246431.85
1193	0.9066672231	14244681.35
1194	0.9066921059	14242782.38
1195	0.906724622	14240300.49
1196	0.9067363508	14239405.14
1197	0.9067614293	14237490.54
1198	0.9067731228	14236597.71
1199	0.906800945	14234473.21
1200	0.9068214591	14232906.54
1201	0.906856193	14230253.51
1202	0.9068985861	14227014.8
1203	0.9069140395	14225834.01
1204	0.9069335887	14224340.13
1205	0.9069855925	14220365.42
1206	0.9069933528	14219772.21
1207	0.9070195991	14217765.66
1208	0.9070394798	14216245.59
1209	0.9070798069	14213161.69
1210	0.9070976003	14211800.77
1211	0.9071455443	14208133.18
1212	0.9071651096	14206636.2
1213	0.9072040002	14203660.15
1214	0.9072235022	14202167.55
1215	0.9072504095	14200107.93
1216	0.9072793568	14197891.82
1217	0.9073000767	14196305.35
1218	0.907317664	14194958.6
1219	0.9073281934	14194152.26
1220	0.9073493395	14192532.74
1221	0.9073671869	14191165.71
1222	0.9073961609	14188946.16
1223	0.9074334326	14186090.44
1224	0.907451089	14184737.43
1225	0.9074654059	14183640.24
1226	0.9074916741	14181626.91
1227	0.907507234	14180434.18
1228	0.9075299559	14178692.28
1229	0.9075578645	14176552.46
1230	0.9075676695	14175800.62
1231	0.9076193244	14171839.06
1232	0.9076357115	14170582.06
1233	0.9076501307	14169475.92
1234	0.9076702535	14167932.09
1235	0.907694895	14166041.35
1236	0.9077342832	14163018.58
1237	0.9077549953	14161428.81
1238	0.9077721313	14160113.39
1239	0.9077797242	14159530.5
1240	0.90780019	14157959.25
1241	0.9078189018	14156522.5
1242	0.9078331817	14155425.96
1243	0.9078676906	14152775.69
1244	0.9078849336	14151451.24
1245	0.9079252353	14148355.17
1246	0.9079374017	14147420.39
1247	0.9079854647	14143726.94
1248	0.9080073826	14142042.32
1249	0.9080266346	14140562.44
1250	0.908041403	14139427.1
1251	0.9080633611	14137738.88
1252	0.9080771757	14136676.65
1253	0.908112577	14133954.24
1254	0.908126562	14132878.62
1255	0.9081383826	14131969.41
1256	0.9081490131	14131151.69
1257	0.9081794199	14128812.48
1258	0.9082409973	14124074.09
1259	0.9082740593	14121529.32
1260	0.9083116335	14118636.68
1261	0.9083256198	14117559.8
1262	0.9083620527	14114754.25
1263	0.9083854564	14112951.73
1264	0.9084159042	14110606.33
1265	0.9084338108	14109226.81
1266	0.9084621667	14107041.99
1267	0.9084751016	14106045.24
1268	0.908496148	14104423.29
1269	0.9085309734	14101739.04
1270	0.9085462108	14100564.42
1271	0.9085597928	14099517.32
1272	0.9085801079	14097951.01
1273	0.9085933785	14096927.73
1274	0.908610978	14095570.55
1275	0.9086308744	14094036.09
1276	0.9086832553	14089995.53
1277	0.9086917472	14089340.38
1278	0.9087362371	14085907.45
1279	0.9087721714	14083134.07
1280	0.9087870284	14081987.26
1281	0.9088017869	14080847.97
1282	0.9088140157	14079903.88
1283	0.9088287132	14078769.12
1284	0.9088416689	14077768.77
1285	0.908874538	14075230.52
1286	0.9088945115	14073687.88
1287	0.9089193527	14071769.06
1288	0.9089329669	14070717.33
1289	0.9089571824	14068846.45
1290	0.9089845568	14066731.21
1291	0.909012695	14064556.61
1292	0.9090256705	14063553.72
1293	0.9090564316	14061175.87
1294	0.909078465	14059472.43
1295	0.9091011453	14057718.75
1296	0.9091252925	14055851.42
1297	0.9091487911	14054034
1298	0.9091710615	14052311.36
1299	0.9091968423	14050316.92
1300	0.9092206684	14048473.45
1301	0.9092419949	14046823.17
1302	0.9092672625	14044867.68
1303	0.9092773316	14044088.34
1304	0.90930164	14042206.71
1305	0.9093346555	14039650.7
1306	0.909354683	14038099.97
1307	0.9093852975	14035729.16
1308	0.9093971513	14034811.09
1309	0.9094102865	14033793.7
1310	0.9094285391	14032379.81
1311	0.9094415302	14031373.41
1312	0.9095107729	14026008.06
1313	0.9095193909	14025340.14
1314	0.9095373177	14023950.67
1315	0.9095482823	14023100.75
1316	0.909565667	14021753.07
1317	0.9095728505	14021196.16
1318	0.9095953863	14019448.91
1319	0.9096103433	14018289.13
1320	0.9096260173	14017073.66
1321	0.9096459821	14015525.3
1322	0.9096529308	14014986.36
1323	0.9096738545	14013363.37
1324	0.9096912531	14012013.69
1325	0.9097184863	14009900.82
1326	0.9097378957	14008394.76
1327	0.909750964	14007380.64
1328	0.9097708966	14005833.71
1329	0.9097922633	14004175.28
1330	0.9098381612	14000612.15
1331	0.9098607515	13998858.1
1332	0.9098724569	13997949.13
1333	0.9098905906	13996540.87
1334	0.9099037106	13995521.87
1335	0.9099100888	13995026.47
1336	0.9099334288	13993213.48
1337	0.90997352	13990098.74
1338	0.9099906111	13988770.7
1339	0.91000441	13987698.39
1340	0.9100285167	13985824.85
1341	0.9100360665	13985238.03
1342	0.9100533987	13983890.79
1343	0.9100620046	13983221.8
1344	0.9100706649	13982548.55
1345	0.9100894705	13981086.5
1346	0.9101025901	13980066.4
1347	0.9101121826	13979320.51
1348	0.9101248981	13978331.73
1349	0.910128998	13978012.89
1350	0.9101457283	13976711.77
1351	0.9101606166	13975553.79
1352	0.9101771468	13974268
1353	0.9101952719	13972858.02
1354	0.9102201825	13970919.94
1355	0.9102359403	13969693.83
1356	0.9102522665	13968423.37
1357	0.9102738874	13966740.72
1358	0.910297337	13964915.52
1359	0.9103095052	13963968.32
1360	0.910321201	13963057.82
1361	0.9103471017	13961041.3
1362	0.9103686353	13959364.55
1363	0.9103817604	13958342.45
1364	0.9103883345	13957830.48
1365	0.9104030214	13956686.62
1366	0.9104311215	13954497.85
1367	0.9104407354	13953748.92
1368	0.9104846589	13950326.76
1369	0.9104932425	13949657.89
1370	0.9105095778	13948384.91
1371	0.9105237711	13947278.75
1372	0.910537464	13946211.51
1373	0.9105625241	13944258.07
1374	0.9105717779	13943536.67
1375	0.9105892238	13942176.53
1376	0.9106106342	13940507.12
1377	0.9106529917	13937203.85
1378	0.9106732214	13935625.96
1379	0.9106907281	13934260.3
1380	0.9107057436	13933088.87
1381	0.9107170234	13932208.82
1382	0.9107241077	13931656.07
1383	0.910730088	13931189.45
1384	0.9107541036	13929315.42
1385	0.9107646202	13928494.69
1386	0.9107745718	13927718.01
1387	0.9108015107	13925615.33
1388	0.910811067	13924869.34
1389	0.9108266055	13923656.3
1390	0.9108356358	13922951.28
1391	0.9108581558	13921192.92
1392	0.9108861696	13919005.31
1393	0.910908683	13917246.97
1394	0.9109419405	13914649.1
1395	0.9109493546	13914069.89
1396	0.91096527	13912826.46
1397	0.9109799162	13911682.08
1398	0.910990276	13910872.56
1399	0.9110045383	13909758.02
1400	0.9110570694	13905652.18
1401	0.9110616637	13905293.03
1402	0.9110889329	13903161.13
1403	0.9111037562	13902002.11
1404	0.9111175343	13900924.73
1405	0.9111410985	13899081.93
1406	0.911155382	13897964.79
1407	0.9111646212	13897242.12
1408	0.9111749962	13896430.58
1409	0.9112301546	13892115.21
1410	0.9112385374	13891459.27
1411	0.9112507318	13890505
1412	0.9112792741	13888271.18
1413	0.911292251	13887255.45
1414	0.9113113937	13885756.97
1415	0.911325727	13884634.86
1416	0.9113474555	13882933.63
1417	0.9113625362	13881752.77
1418	0.9113920488	13879441.55
1419	0.911413266	13877779.73
1420	0.9114320336	13876309.61
1421	0.9114494766	13874943.11
1422	0.9114575201	13874312.93
1423	0.9114744027	13872990.14
1424	0.9114814432	13872438.47
1425	0.9115076452	13870385.15
1426	0.9115142303	13869869.07
1427	0.9115250786	13869018.82
1428	0.9115411656	13867757.89
1429	0.9115611667	13866190.01
1430	0.9115673536	13865704.98
1431	0.9115721135	13865331.82
1432	0.9116000687	13863139.99
1433	0.9116255669	13861140.49
1434	0.9116470336	13859456.91
1435	0.9116607307	13858382.57
1436	0.9116664234	13857936.03
1437	0.9116745455	13857298.92
1438	0.9116880501	13856239.51
1439	0.9117020869	13855138.28
1440	0.911715745	13854066.66
1441	0.9117232267	13853479.62
1442	0.9117469633	13851616.97
1443	0.9117592331	13850654.05
1444	0.9117789756	13849104.52
1445	0.9118000108	13847453.35
1446	0.9118216076	13845757.89
1447	0.9118476721	13843711.42
1448	0.9118701368	13841947.34
1449	0.9119040668	13839282.51
1450	0.9119230686	13837789.9
1451	0.9119356458	13836801.86
1452	0.9119429678	13836226.63
1453	0.9119727286	13833888.3
1454	0.911978641	13833423.72
1455	0.9120010138	13831665.55
1456	0.9120096171	13830989.4
1457	0.9120227998	13829953.29
1458	0.912030937	13829313.69
1459	0.9120367771	13828854.63
1460	0.9120424598	13828407.93
1461	0.9120491381	13827882.95
1462	0.9120608368	13826963.27
1463	0.9120684532	13826364.48
1464	0.9120746113	13825880.32
1465	0.9121073081	13823309.37
1466	0.9121234642	13822038.84
1467	0.9121467323	13820208.8
1468	0.9121657347	13818714.08
1469	0.9121796133	13817622.31
1470	0.9121886396	13816912.19
1471	0.9122031229	13815772.69
1472	0.9122081717	13815375.44
1473	0.9122305987	13813610.71
1474	0.9122432447	13812615.53
1475	0.9122545494	13811725.84
1476	0.912264404	13810950.23
1477	0.9122778448	13809892.29
1478	0.9122825093	13809525.13
1479	0.9122894008	13808982.65
1480	0.9122952257	13808524.11
1481	0.9123029559	13807915.56
1482	0.912322342	13806389.3
1483	0.9123491225	13804280.61
1484	0.9123641249	13803099.18
1485	0.9123774747	13802047.82
1486	0.9123860652	13801371.22
1487	0.9123931836	13800810.55
1488	0.9124111466	13799395.61
1489	0.9124302401	13797891.46
1490	0.9124556372	13795890.47
1491	0.9124809644	13793894.7
1492	0.9124907052	13793127.06
1493	0.912509356	13791657.12
1494	0.9125272162	13790249.34
1495	0.9125570404	13787898.22
1496	0.912589503	13785338.65
1497	0.9126034716	13784237.13
1498	0.9126218637	13782786.65
1499	0.9126322958	13781963.86
1500	0.9126434441	13781084.53
1501	0.9126711251	13778900.92
1502	0.9126901362	13777401.03
1503	0.9127076271	13776020.95
1504	0.9127286984	13774358.17
1505	0.9127389135	13773552
1506	0.9127519886	13772520.05
1507	0.9127708605	13771030.46
1508	0.9127784628	13770430.36
1509	0.9127979964	13768888.3
1510	0.912824747	13766776.22
1511	0.9128440038	13765255.61
1512	0.9128622491	13763814.72
1513	0.9128768967	13762657.85
1514	0.9128900841	13761616.21
1515	0.9129028412	13760608.5
1516	0.9129087295	13760143.34
1517	0.9129201772	13759238.96
1518	0.9129346865	13758092.62
1519	0.9129624543	13755898.5
1520	0.9129706335	13755252.15
1521	0.9130131862	13751888.95
1522	0.9130373086	13749982.04
1523	0.9130597982	13748203.97
1524	0.9130835879	13746322.86
1525	0.9131015453	13744902.75
1526	0.9131128224	13744010.87
1527	0.9131347805	13742274.07
1528	0.9131704474	13739452.48
1529	0.9131856912	13738246.38
1530	0.9132025902	13736909.19
1531	0.9132269261	13734983.31
1532	0.9132456455	13733501.71
1533	0.9132521853	13732984.07
1534	0.9132594066	13732412.46
1535	0.913269975	13731575.86
1536	0.9132746363	13731206.86
1537	0.9132994892	13729239.24
1538	0.9133285393	13726938.97
1539	0.9133548295	13724856.9
1540	0.9133778274	13723035.31
1541	0.9133898747	13722080.99
1542	0.9134116354	13720357.05
1543	0.9134342453	13718565.61
1544	0.9134468671	13717565.45
1545	0.9134596211	13716554.74
1546	0.9134810595	13714855.66
1547	0.9135049167	13712964.62
1548	0.9135264558	13711257.1
1549	0.9135378611	13710352.86
1550	0.9135578076	13708771.3
1551	0.9135804605	13706974.94
1552	0.9136182414	13703978.4
1553	0.9136314036	13702934.31
1554	0.9136421941	13702078.29
1555	0.9136576896	13700848.92
1556	0.9136747122	13699498.28
1557	0.9136901473	13698273.48
1558	0.9137070608	13696931.24
1559	0.9137175249	13696100.75
1560	0.9137463293	13693814.42
1561	0.9137649572	13692335.64
1562	0.9137776488	13691328.02
1563	0.9137879583	13690509.47
1564	0.9138009571	13689477.32
1565	0.9138156874	13688307.6
1566	0.9138349565	13686777.29
1567	0.913841794	13686234.24
1568	0.913866354	13684283.42
1569	0.9138934841	13682128.13
1570	0.9139054646	13681176.26
1571	0.9139242706	13679681.96
1572	0.9139348871	13678838.32
1573	0.9139516243	13677508.18
1574	0.9139829895	13675015.18
1575	0.9140056123	13673216.78
1576	0.9140197577	13672092.15
1577	0.9140269461	13671520.61
1578	0.9140358661	13670811.37
1579	0.9140423865	13670292.88
1580	0.9140633293	13668627.47
1581	0.9140907848	13666443.83
1582	0.9141004407	13665675.78
1583	0.9141175961	13664311.09
1584	0.9141288395	13663416.62
1585	0.9141415068	13662408.8
1586	0.9141623399	13660751.15
1587	0.9141904272	13658515.97
1588	0.9142146281	13656589.77
1589	0.9142232447	13655903.9
1590	0.9142373475	13654781.25
1591	0.9142478609	13653944.28
1592	0.9142539315	13653460.96
1593	0.914271777	13652040.11
1594	0.9142889334	13650673.98
1595	0.9143086025	13649107.6
1596	0.9143142948	13648654.26
1597	0.9143320418	13647240.75
1598	0.9143414477	13646491.53
1599	0.9143602965	13644990.02
1600	0.9143689341	13644301.89
1601	0.9143801026	13643412.08
1602	0.9143858077	13642957.51
1603	0.9143981392	13641974.95
1604	0.9144109319	13640955.55
1605	0.9144484692	13637963.92
1606	0.9144706246	13636197.88
1607	0.9144845926	13635084.36
1608	0.9145102674	13633037.34
1609	0.91451737	13632471
1610	0.9145305206	13631422.35
1611	0.9145408638	13630597.52
1612	0.9145598501	13629083.29
1613	0.9145681024	13628425.09
1614	0.9145782094	13627618.91
1615	0.9145867214	13626939.92
1616	0.9146028877	13625650.26
1617	0.9146122336	13624904.65
1618	0.9146329039	13623255.42
1619	0.9146479591	13622054.07
1620	0.9146598564	13621104.65
1621	0.9146682735	13620432.91
1622	0.9146758705	13619826.58
1623	0.9146869426	13618942.86
1624	0.9147024833	13617702.39
1625	0.9147143131	13616758.04
1626	0.9147273887	13615714.18
1627	0.914750108	13613900.23
1628	0.914758622	13613220.39
1629	0.914766876	13612561.29
1630	0.9147854358	13611079.12
1631	0.9148090855	13609190.23
1632	0.9148150678	13608712.4
1633	0.9148302355	13607500.78
1634	0.9148428378	13606494.01
1635	0.9148597757	13605140.77
1636	0.9148749625	13603927.32
1637	0.9148839529	13603208.92
1638	0.9148916878	13602590.8
1639	0.9149014254	13601812.62
1640	0.9149145233	13600765.82
1641	0.9149331965	13599273.3
1642	0.9149460074	13598249.25
1643	0.9149545724	13597564.56
1644	0.9149664655	13596613.75
1645	0.9149804351	13595496.86
1646	0.9149918791	13594581.82
1647	0.9150048201	13593547.01
1648	0.9150202001	13592317.07
1649	0.9150256192	13591883.67
1650	0.9150307329	13591474.69
1651	0.9150355628	13591088.4
1652	0.9150586902	13589238.52
1653	0.915063257	13588873.21
1654	0.9150819232	13587379.95
1655	0.9151065966	13585405.85
1656	0.9151382816	13582870.36
1657	0.9151526527	13581720.2
1658	0.9151600133	13581131.08
1659	0.9151651446	13580720.36
1660	0.915179306	13579586.8
1661	0.9151861625	13579037.94
1662	0.9152023317	13577743.5
1663	0.9152147107	13576752.4
1664	0.9152191771	13576394.79
1665	0.9152344305	13575173.44
1666	0.915247159	13574154.17
1667	0.9152579239	13573292.07
1668	0.9152952791	13570300.12
1669	0.9153055824	13569474.76
1670	0.9153243945	13567967.67
1671	0.9153376406	13566906.39
1672	0.9153515913	13565788.57
1673	0.9153623038	13564930.14
1674	0.9153734456	13564037.27
1675	0.9154005734	13561863.05
1676	0.9154201556	13560293.38
1677	0.9154304136	13559471.05
1678	0.9154442061	13558365.29
1679	0.9154848753	13555104.28
1680	0.9155041801	13553556.08
1681	0.9155250067	13551885.63
1682	0.9155482228	13550023.28
1683	0.915557055	13549314.71
1684	0.9155811608	13547380.63
1685	0.9156130713	13544819.91
1686	0.9156214615	13544146.55
1687	0.9156283797	13543591.3
1688	0.9156384293	13542784.67
1689	0.915654858	13541465.94
1690	0.9156727857	13540026.73
1691	0.9157096337	13537068.15
1692	0.9157280209	13535591.57
1693	0.9157404124	13534596.39
1694	0.9157480074	13533986.38
1695	0.9157546518	13533452.71
1696	0.9157742933	13531874.98
1697	0.9157807661	13531355
1698	0.9157935755	13530325.93
1699	0.9158151518	13528592.37
1700	0.9158441389	13526263.04
1701	0.9158485245	13525910.59
1702	0.9158937408	13522276.23
1703	0.915913137	13520716.92
1704	0.9159285437	13519478.2
1705	0.9159370462	13518794.55
1706	0.9159539808	13517432.79
1707	0.9159734966	13515863.3
1708	0.9159875074	13514736.41
1709	0.9160095838	13512960.63
1710	0.9160278764	13511489.03
1711	0.9160342785	13510973.96
1712	0.9160462616	13510009.82
1713	0.9160760367	13507613.87
1714	0.91609291	13506255.92
1715	0.9161058401	13505215.22
1716	0.9161197685	13504094.08
1717	0.9161271399	13503500.7
1718	0.9161380205	13502624.78
1719	0.9161540788	13501331.95
1720	0.9161652316	13500433.97
1721	0.9161749699	13499649.85
1722	0.9162007745	13497571.82
1723	0.9162216982	13495886.63
1724	0.916241887	13494260.42
1725	0.9162610551	13492716.24
1726	0.9162743157	13491647.87
1727	0.9162867973	13490642.18
1728	0.9162971178	13489810.57
1729	0.9163073857	13488983.14
1730	0.9163262572	13487462.27
1731	0.9163470218	13485788.63
1732	0.9163590692	13484817.5
1733	0.9163887711	13482422.99
1734	0.9163974237	13481725.34
1735	0.9164087342	13480813.35
1736	0.9164130866	13480462.39
1737	0.9164223175	13479718.01
1738	0.91643108	13479011.37
1739	0.9164540063	13477162.32
1740	0.9164695301	13475910.16
1741	0.9164749599	13475472.16
1742	0.9164824118	13474871.03
1743	0.916489113	13474330.42
1744	0.9164959329	13473780.22
1745	0.9165148242	13472256.04
1746	0.9165322513	13470849.82
1747	0.9165399688	13470227.05
1748	0.9165443162	13469876.22
1749	0.9165609177	13468536.4
1750	0.9165799702	13466998.61
1751	0.916599854	13465393.53
1752	0.916619883	13463776.53
1753	0.9166333124	13462692.24
1754	0.9166426467	13461938.53
1755	0.9166557699	13460878.81
1756	0.9166981086	13457459.33
1757	0.9167173496	13455905.04
1758	0.9167313984	13454770.07
1759	0.9167399649	13454077.95
1760	0.9167538144	13452958.93
1761	0.916771547	13451526.02
1762	0.9167882181	13450178.74
1763	0.9167947311	13449652.36
1764	0.9168046639	13448849.54
1765	0.9168241035	13447278.21
1766	0.9168339022	13446486.1
1767	0.9168713385	13443459.36
1768	0.9168826905	13442541.42
1769	0.916891385	13441838.32
1770	0.9169071082	13440566.73
1771	0.9169404976	13437866.03
1772	0.9169497039	13437121.29
1773	0.9169606622	13436234.76
1774	0.9169751975	13435058.76
1775	0.9169832818	13434404.65
1776	0.9169877269	13434044.97
1777	0.9169958796	13433385.27
1778	0.917005092	13432639.78
1779	0.9170125063	13432039.77
1780	0.9170236324	13431139.33
1781	0.9170343566	13430271.35
1782	0.9170434885	13429532.21
1783	0.917061101	13428106.52
1784	0.9170703206	13427360.16
1785	0.9170827117	13426356.98
1786	0.9171084253	13424274.98
1787	0.9171167759	13423598.78
1788	0.9171419527	13421559.84
1789	0.9171526548	13420693.03
1790	0.917159331	13420152.27
1791	0.9171664775	13419573.39
1792	0.9171758242	13418816.26
1793	0.9171860107	13417991.05
1794	0.917208844	13416141.13
1795	0.917223705	13414936.98
1796	0.9172331655	13414170.36
1797	0.9172371484	13413847.6
1798	0.9172447039	13413235.31
1799	0.9172558989	13412328.01
1800	0.9172634837	13411713.27
1801	0.9172792554	13410434.91
1802	0.9172941106	13409230.71
1803	0.9173078931	13408113.37
1804	0.9173145817	13407571.1
1805	0.9173276484	13406511.67
1806	0.9173367973	13405769.83
1807	0.9173479224	13404867.7
1808	0.9173620393	13403722.89
1809	0.9173723312	13402888.2
1810	0.917381225	13402166.85
1811	0.9173902572	13401434.25
1812	0.9174132783	13399566.81
1813	0.9174219417	13398863.98
1814	0.917430742	13398150
1815	0.9174407426	13397338.6
1816	0.9174452692	13396971.32
1817	0.9174501281	13396577.06
1818	0.9174584809	13395899.28
1819	0.9174709205	13394889.81
1820	0.9174842706	13393806.38
1821	0.9174913782	13393229.52
1822	0.9175058073	13392058.36
1823	0.9175145822	13391346.08
1824	0.9175222397	13390724.48
1825	0.9175344005	13389737.26
1826	0.917541247	13389181.42
1827	0.91755689	13387911.35
1828	0.9175714929	13386725.62
1829	0.9175770616	13386273.42
1830	0.9175897841	13385240.25
1831	0.9176114383	13383481.57
1832	0.9176235704	13382496.15
1833	0.9176416313	13381029.02
1834	0.9176500936	13380341.55
1835	0.9176574036	13379747.68
1836	0.9176816891	13377774.47
1837	0.9176940911	13376766.69
1838	0.9177043194	13375935.49
1839	0.9177207201	13374602.58
1840	0.9177258575	13374185.03
1841	0.9177353875	13373410.42
1842	0.9177597298	13371431.66
1843	0.9177685605	13370713.75
1844	0.9177855979	13369328.55
1845	0.917797067	13368396
1846	0.9178215715	13366403.3
1847	0.9178311495	13365624.34
1848	0.9178402445	13364884.62
1849	0.9178439915	13364579.85
1850	0.9178497765	13364109.31
1851	0.9178578367	13363453.69
1852	0.9178633102	13363008.44
1853	0.9178735589	13362174.73
1854	0.9178862919	13361138.84
1855	0.917890176	13360822.84
1856	0.9178990718	13360099.07
1857	0.9179318972	13357427.99
1858	0.9179413837	13356655.96
1859	0.9179501603	13355941.66
1860	0.9179585206	13355261.2
1861	0.9179652865	13354710.49
1862	0.9179764864	13353798.82
1863	0.9180051928	13351461.85
1864	0.9180122008	13350891.28
1865	0.9180182501	13350398.73
1866	0.9180535765	13347522.04
1867	0.9180605109	13346957.29
1868	0.9180643643	13346643.45
1869	0.9180764624	13345658.07
1870	0.9180885365	13344674.58
1871	0.9181072736	13343148.2
1872	0.9181116964	13342787.88
1873	0.9181249357	13341709.24
1874	0.9181287967	13341394.66
1875	0.9181497099	13339690.59
1876	0.9181635075	13338566.19
1877	0.9181768459	13337479.13
1878	0.9181799044	13337229.86
1879	0.9181904791	13336367.96
1880	0.9181967665	13335855.47
1881	0.9182139678	13334453.29
1882	0.9182171765	13334191.72
1883	0.9182206487	13333908.65
1884	0.9182247982	13333570.36
1885	0.9182357825	13332674.83
1886	0.9182391523	13332400.09
1887	0.9182548868	13331117.14
1888	0.9182671184	13330119.73
1889	0.9182834007	13328791.89
1890	0.9182996075	13327470.08
1891	0.9183071565	13326854.35
1892	0.9183202389	13325787.21
1893	0.9183323685	13324797.72
1894	0.9183626949	13322323.48
1895	0.9183733962	13321450.29
1896	0.9183778467	13321087.12
1897	0.9183855688	13320456.97
1898	0.9183891592	13320163.97
1899	0.9184043736	13318922.3
1900	0.9184163863	13317941.84
1901	0.9184297486	13316851.15
1902	0.9184450108	13315605.26
1903	0.9184697369	13313586.58
1904	0.9184789671	13312832.93
1905	0.9184870648	13312171.71
1906	0.9184971775	13311345.91
1907	0.9185038735	13310799.09
1908	0.9185109037	13310224.95
1909	0.9185162964	13309784.53
1910	0.9185201164	13309472.55
1911	0.9185357152	13308198.48
1912	0.9185430037	13307603.13
1913	0.9185744187	13305036.75
1914	0.918580862	13304510.32
1915	0.9185895536	13303800.17
1916	0.9186033249	13302674.89
1917	0.91861598	13301640.74
1918	0.9186345944	13300119.45
1919	0.9186440536	13299346.33
1920	0.9186536771	13298559.72
1921	0.9186682805	13297365.98
1922	0.9186742319	13296879.45
1923	0.918686544	13295872.9
1924	0.9186985616	13294890.34
1925	0.9187142046	13293611.26
1926	0.9187280381	13292480.04
1927	0.9187310683	13292232.23
1928	0.9187433557	13291227.33
1929	0.9187545572	13290311.18
1930	0.9187692056	13289113.02
1931	0.9187730686	13288797.03
1932	0.9187794016	13288278.97
1933	0.9188083828	13285907.99
1934	0.918823034	13284709.21
1935	0.9188364024	13283615.29
1936	0.9188441336	13282982.61
1937	0.9188533536	13282228.05
1938	0.9188618126	13281535.75
1939	0.9188662272	13281174.43
1940	0.918880291	13280023.29
1941	0.918887079	13279467.65
1942	0.918902002	13278246.03
1943	0.9189360892	13275455.17
1944	0.9189384238	13275264.01
1945	0.9189481071	13274471.08
1946	0.9189615714	13273368.46
1947	0.9189751773	13272254.15
1948	0.9189883745	13271173.23
1949	0.9189991759	13270288.46
1950	0.9190163478	13268881.76
1951	0.9190264737	13268052.19
1952	0.9190392394	13267006.28
1953	0.9190470821	13266363.67
1954	0.9190591391	13265375.69
1955	0.9190703064	13264460.56
1956	0.9190816808	13263528.39
1957	0.9190984116	13262157.12
1958	0.9191162267	13260696.84
1959	0.9191266363	13259843.49
1960	0.9191472934	13258149.94
1961	0.9191579883	13257273.04
1962	0.9191651567	13256685.26
1963	0.9191719989	13256124.19
1964	0.9191796318	13255498.26
1965	0.9192070453	13253250
1966	0.9192163078	13252490.27
1967	0.9192364602	13250837.18
1968	0.9192439614	13250221.81
1969	0.9192604749	13248866.99
1970	0.9192703703	13248055.08
1971	0.9192792492	13247326.53
1972	0.9192883951	13246576.02
1973	0.9193026153	13245409.05
1974	0.9193122698	13244616.69
1975	0.9193287719	13243262.25
1976	0.9193349187	13242757.69
1977	0.9193492101	13241584.54
1978	0.9193591729	13240766.64
1979	0.9193665389	13240161.9
1980	0.9193801585	13239043.67
1981	0.9193980127	13237577.62
1982	0.9194022814	13237227.08
1983	0.9194117752	13236447.44
1984	0.9194197337	13235793.84
1985	0.9194311338	13234857.54
1986	0.9194462045	13233619.66
1987	0.9194504033	13233274.77
1988	0.9194537228	13233002.09
1989	0.9194832489	13230576.43
1990	0.9194888166	13230118.98
1991	0.9194975244	13229403.5
1992	0.9195079545	13228546.46
1993	0.9195254316	13227110.23
1994	0.9195355064	13226282.24
1995	0.9195526476	13224873.38
1996	0.9195690571	13223524.52
1997	0.9195757404	13222975.11
1998	0.9195796074	13222657.21
1999	0.919602309	13220790.79
2000	0.9196093506	13220211.8
2001	0.9196201427	13219324.4
2002	0.9196278436	13218691.14
2003	0.9196315446	13218386.79
2004	0.9196452707	13217257.95
2005	0.9196617981	13215898.62
2006	0.9197184796	13211235.65
2007	0.9197283601	13210422.65
2008	0.9197348912	13209885.22
2009	0.9197473413	13208860.67
2010	0.9197567175	13208089.04
2011	0.9197660745	13207318.93
2012	0.9197715252	13206870.3
2013	0.9197834796	13205886.32
2014	0.9197957882	13204873.12
2015	0.9198279552	13202224.85
2016	0.9198368132	13201495.49
2017	0.919850888	13200336.5
2018	0.9198718438	13198610.71
2019	0.9198842699	13197587.26
2020	0.9198929239	13196874.45
2021	0.9199039076	13195969.69
2022	0.919915969	13194976.08
2023	0.9199311339	13193726.71
2024	0.9199395574	13193032.67
2025	0.9199583004	13191488.27
2026	0.9199775572	13189901.34
2027	0.9199910524	13188789.11
2028	0.9200043351	13187694.29
2029	0.9200099709	13187229.74
2030	0.9200176254	13186598.76
2031	0.9200307601	13185515.97
2032	0.9200387366	13184858.35
2033	0.9200585479	13183224.9
2034	0.920066913	13182535.14
2035	0.9200800845	13181448.98
2036	0.9201000151	13179805.27
2037	0.9201082057	13179129.71
2038	0.9201134554	13178696.71
2039	0.9201311186	13177239.7
2040	0.9201444718	13176138.11
2041	0.9201556398	13175216.72
2042	0.9201679482	13174201.16
2043	0.9201716523	13173895.52
2044	0.9201852274	13172775.34
2045	0.9201910094	13172298.2
2046	0.9202002512	13171535.5
2047	0.9202090977	13170805.4
2048	0.9202217503	13169761.09
2049	0.9202277338	13169267.21
2050	0.9202359895	13168585.74
2051	0.9202451828	13167826.84
2052	0.9202546646	13167044.07
2053	0.9202659071	13166115.9
2054	0.9203008509	13163230.53
2055	0.9203084625	13162601.94
2056	0.9203156518	13162008.21
2057	0.9203244385	13161282.5
2058	0.9203310204	13160738.87
2059	0.9203450276	13159581.88
2060	0.9203525439	13158960.99
2061	0.9203593369	13158399.82
2062	0.9203690167	13157600.14
2063	0.9203820929	13156519.79
2064	0.9204006204	13154988.91
2065	0.9204149237	13153806.94
2066	0.9204218497	13153234.56
2067	0.9204274382	13152772.7
2068	0.9204423033	13151544.09
2069	0.9204534355	13150623.94
2070	0.9204610542	13149994.16
2071	0.9204656087	13149617.67
2072	0.9204753311	13148813.93
2073	0.9204771442	13148664.03
2074	0.9204849741	13148016.7
2075	0.9205029496	13146530.47
2076	0.9205327816	13144063.57
2077	0.9205345682	13143915.81
2078	0.9205443841	13143103.99
2079	0.9205624629	13141608.66
2080	0.9205740884	13140647
2081	0.9205947432	13138938.27
2082	0.920600234	13138483.99
2083	0.920609313	13137732.8
2084	0.9206167472	13137117.67
2085	0.9206234076	13136566.55
2086	0.9206381474	13135346.8
2087	0.9206495284	13134404.91
2088	0.9206595667	13133574.1
2089	0.9206683106	13132850.38
2090	0.9206724521	13132507.57
2091	0.9206787956	13131982.49
2092	0.9206871311	13131292.47
2093	0.9206935806	13130758.56
2094	0.920699068	13130304.28
2095	0.9207033987	13129945.75
2096	0.9207115479	13129271.06
2097	0.9207185733	13128689.38
2098	0.9207341793	13127397.17
2099	0.9207397705	13126934.18
2100	0.9207444811	13126544.09
2101	0.9207507762	13126022.77
2102	0.9207531038	13125830.01
2103	0.9207702376	13124410.98
2104	0.9207741033	13124090.8
2105	0.9207907585	13122711.23
2106	0.9207986616	13122056.56
2107	0.9208204748	13120249.42
2108	0.9208265983	13119742.07
2109	0.9208319344	13119299.95
2110	0.9208430751	13118376.83
2111	0.9208517827	13117655.27
2112	0.9208574359	13117186.8
2113	0.920874932	13115736.8
2114	0.9208790242	13115397.63
2115	0.9208863287	13114792.21
2116	0.9208915122	13114362.57
2117	0.9209034392	13113373.92
2118	0.920917925	13112173.06
2119	0.9209314797	13111049.3
2120	0.9209462785	13109822.29
2121	0.9209536241	13109213.19
2122	0.9209651274	13108259.3
2123	0.9209796608	13107054.03
2124	0.9209884054	13106328.77
2125	0.9209943574	13105835.11
2126	0.9210025379	13105156.58
2127	0.9210073738	13104755.46
2128	0.921017746	13103895.07
2129	0.9210243001	13103351.35
2130	0.9210393852	13102099.87
2131	0.9210466254	13101499.16
2132	0.9211008212	13097001.77
2133	0.9211076461	13096435.31
2134	0.9211198766	13095420.11
2135	0.9211262237	13094893.24
2136	0.9211354123	13094130.45
2137	0.9211451276	13093323.9
2138	0.9211529307	13092676.05
2139	0.9211644619	13091718.63
2140	0.9211737774	13090945.12
2141	0.9211905876	13089549.19
2142	0.9211941646	13089252.14
2143	0.9212043687	13088404.68
2144	0.9212173984	13087322.48
2145	0.9212292836	13086335.26
2146	0.9212387916	13085545.45
2147	0.9212411345	13085350.82
2148	0.9212489406	13084702.34
2149	0.9212881668	13081443.16
2150	0.9213114354	13079509.46
2151	0.9213230747	13078542.09
2152	0.9213336264	13077665.05
2153	0.9213431265	13076875.37
2154	0.9213519207	13076144.32
2155	0.9213677971	13074824.44
2156	0.9213891622	13073048.04
2157	0.921396707	13072420.68
2158	0.9214045377	13071769.5
2159	0.9214156524	13070845.19
2160	0.9214313475	13069539.85
2161	0.9214561248	13067478.89
2162	0.9214682382	13066471.18
2163	0.9214729861	13066076.19
2164	0.9214951547	13064231.75
2165	0.9215014409	13063708.69
2166	0.9215065336	13063284.92
2167	0.9215124633	13062791.48
2168	0.921522318	13061971.39
2169	0.9215424758	13060293.73
2170	0.9215505622	13059620.67
2171	0.9215568199	13059099.8
2172	0.9215663262	13058308.48
2173	0.9215700232	13058000.71
2174	0.9215827674	13056939.77
2175	0.9215933074	13056062.25
2176	0.9216102299	13054653.23
2177	0.9216135326	13054378.22
2178	0.9216245542	13053460.42
2179	0.9216320215	13052838.57
2180	0.9216523444	13051145.98
2181	0.9216572676	13050735.93
2182	0.921673976	13049344.16
2183	0.9216768216	13049107.12
2184	0.9216817798	13048694.09
2185	0.9216869173	13048266.09
2186	0.9216925804	13047794.3
2187	0.9217018448	13047022.44
2188	0.9217071138	13046583.44
2189	0.9217147187	13045949.8
2190	0.9217331	13044418.12
2191	0.9217356833	13044202.85
2192	0.9217435894	13043543.98
2193	0.9217549131	13042600.25
2194	0.9217613945	13042060.04
2195	0.9217753655	13040895.54
2196	0.9217824689	13040303.42
2197	0.9217929607	13039428.8
2198	0.9218341125	13035997.74
2199	0.9218441036	13035164.59
2200	0.9218529555	13034426.39
2201	0.9218558931	13034181.4
2202	0.9218755781	13032539.6
2203	0.9218828723	13031931.18
2204	0.9218956501	13030865.31
2205	0.9219098664	13029679.33
2206	0.9219212636	13028728.46
2207	0.9219270868	13028242.61
2208	0.9219350898	13027574.85
2209	0.9219418246	13027012.88
2210	0.9219536377	13026027.11
2211	0.9219649624	13025082.02
2212	0.9219772066	13024060.12
2213	0.9219846643	13023437.66
2214	0.9220019557	13021994.32
2215	0.9220167496	13020759.31
2216	0.9220320639	13019480.75
2217	0.9220417043	13018675.82
2218	0.9220465921	13018267.7
2219	0.922057345	13017369.79
2220	0.9220703446	13016284.21
2221	0.9220762086	13015794.48
2222	0.9220857052	13015001.33
2223	0.9221116332	13012835.61
2224	0.9221204502	13012099.07
2225	0.9221329398	13011055.64
2226	0.9221347115	13010907.62
2227	0.9221514553	13009508.64
2228	0.9221691635	13008028.92
2229	0.9221728831	13007718.09
2230	0.9221843419	13006760.46
2231	0.922192873	13006047.46
2232	0.922203083	13005194.09
2233	0.9222053513	13005004.5
2234	0.9222076347	13004813.64
2235	0.9222134361	13004328.71
2236	0.9222250496	13003357.9
2237	0.9222277346	13003133.45
2238	0.9222328304	13002707.45
2239	0.9222486426	13001385.47
2240	0.9222596539	13000464.8
2241	0.9222659758	12999936.19
2242	0.9222758599	12999109.67
2243	0.9222840726	12998422.88
2244	0.9222930449	12997672.52
2245	0.9223008123	12997022.9
2246	0.9223110086	12996170.08
2247	0.922323613	12995115.78
2248	0.9223309277	12994503.9
2249	0.9223369094	12994003.5
2250	0.9223549432	12992494.77
2251	0.9223634822	12991780.33
2252	0.9223680476	12991398.34
2253	0.9223820692	12990225.05
2254	0.9223890327	12989642.33
2255	0.9223933037	12989284.91
2256	0.9224003676	12988693.75
2257	0.9224080061	12988054.46
2258	0.9224100738	12987881.4
2259	0.9224174236	12987266.24
2260	0.9224240515	12986711.48
2261	0.9224296295	12986244.57
2262	0.9224523516	12984342.45
2263	0.9224669828	12983117.49
2264	0.9224786961	12982136.74
2265	0.9224840608	12981687.53
2266	0.9224876662	12981385.63
2267	0.9224893759	12981242.46
2268	0.9225044299	12979981.8
2269	0.9225156065	12979045.76
2270	0.9225249327	12978264.65
2271	0.9225323021	12977647.39
2272	0.9225444549	12976629.41
2273	0.9225521377	12975985.82
2274	0.9225593244	12975383.76
2275	0.9225634485	12975038.25
2276	0.922567874	12974667.48
2277	0.9225746923	12974096.23
2278	0.922581979	12973485.7
2279	0.9225881398	12972969.48
2280	0.9225917257	12972669.01
2281	0.9226082221	12971286.65
2282	0.9226131944	12970869.95
2283	0.9226168835	12970560.78
2284	0.9226271608	12969699.43
2285	0.9226375447	12968829.09
2286	0.9226451984	12968187.56
2287	0.9226514201	12967666.03
2288	0.9226556877	12967308.28
2289	0.9226595687	12966982.95
2290	0.922666143	12966431.81
2291	0.9226728495	12965869.56
2292	0.9226800085	12965269.35
2293	0.9226866626	12964711.45
2294	0.9226895364	12964470.49
2295	0.922704904	12963181.9
2296	0.9227146867	12962361.55
2297	0.9227217198	12961771.73
2298	0.9227288956	12961169.93
2299	0.9227349526	12960661.93
2300	0.9227416113	12960103.44
2301	0.9227494576	12959445.32
2302	0.9227538392	12959077.79
2303	0.9227618451	12958406.22
2304	0.9227648306	12958155.78
2305	0.9227793481	12956937.88
2306	0.9227855413	12956418.29
2307	0.9227900256	12956042.05
2308	0.9228121821	12954182.96
2309	0.9228170749	12953772.38
2310	0.9228280093	12952854.78
2311	0.9228388948	12951941.22
2312	0.9228463689	12951313.91
2313	0.9228530929	12950749.55
2314	0.9228584306	12950301.51
2315	0.9228618611	12950013.56
2316	0.9228751232	12948900.29
2317	0.9228833714	12948207.84
2318	0.9229004174	12946776.72
2319	0.9229128398	12945733.68
2320	0.9229226449	12944910.33
2321	0.9229302788	12944269.28
2322	0.9229336723	12943984.29
2323	0.9229648337	12941367.11
2324	0.9229789609	12940180.42
2325	0.9229816294	12939956.25
2326	0.922991416	12939134.09
2327	0.9230055507	12937946.57
2328	0.92300935	12937627.35
2329	0.9230165922	12937018.85
2330	0.92302719	12936128.34
2331	0.9230336893	12935582.19
2332	0.9230399198	12935058.6
2333	0.9230528298	12933973.63
2334	0.9230632605	12933096.96
2335	0.9230697663	12932550.13
2336	0.9230749637	12932113.26
2337	0.9230944763	12930473
2338	0.9230987111	12930116.99
2339	0.9231019565	12929844.14
2340	0.9231150238	12928745.51
2341	0.9231211037	12928234.31
2342	0.9231328384	12927247.6
2343	0.923137715	12926837.53
2344	0.9231484258	12925936.82
2345	0.9231548409	12925397.32
2346	0.9231606482	12924908.91
2347	0.9231831085	12923019.78
2348	0.9231877032	12922633.29
2349	0.9231981455	12921754.87
2350	0.9232108523	12920685.88
2351	0.9232147714	12920356.16
2352	0.9232213547	12919802.28
2353	0.9232315203	12918946.94
2354	0.9232442436	12917876.34
2355	0.9232572197	12916784.37
2356	0.923263394	12916264.74
2357	0.9232721194	12915530.39
2358	0.9232803617	12914836.67
2359	0.9232878998	12914202.18
2360	0.9233022324	12912995.7
2361	0.9233087205	12912449.52
2362	0.9233171762	12911737.66
2363	0.9233224973	12911289.67
2364	0.9233394399	12909863.16
2365	0.9233462848	12909286.79
2366	0.9233572204	12908365.92
2367	0.9233669222	12907548.9
2368	0.9233756473	12906814.08
2369	0.923384989	12906027.28
2370	0.9233931148	12905342.86
2371	0.9233972072	12904998.15
2372	0.9234051559	12904328.58
2373	0.9234169218	12903337.42
2374	0.9234300603	12902230.53
2375	0.9234400205	12901391.34
2376	0.9234507649	12900486.02
2377	0.9234575214	12899916.69
2378	0.9234633566	12899424.96
2379	0.923470518	12898821.46
2380	0.9234769162	12898282.25
2381	0.923485248	12897580.06
2382	0.9234930932	12896918.83
2383	0.923501976	12896170.11
2384	0.9235071201	12895736.51
2385	0.9235159569	12894991.6
2386	0.9235243776	12894281.73
2387	0.9235324069	12893604.81
2388	0.9235365843	12893252.63
2389	0.9235466434	12892404.52
2390	0.9235606978	12891219.45
2391	0.9235699406	12890440.04
2392	0.9235858206	12889100.84
2393	0.9236005244	12887860.71
2394	0.9236091206	12887135.64
2395	0.9236151295	12886628.78
2396	0.9236172863	12886446.85
2397	0.9236262765	12885688.46
2398	0.9236311696	12885275.68
2399	0.9236444575	12884154.63
2400	0.9236551586	12883251.75
2401	0.9236610975	12882750.65
2402	0.9236701172	12881989.55
2403	0.9236808893	12881080.53
2404	0.9236868736	12880575.51
2405	0.9236938711	12879984.95
2406	0.9237013316	12879355.29
2407	0.9237117107	12878479.26
2408	0.9237502978	12875221.84
2409	0.9237589589	12874490.58
2410	0.9237684903	12873685.79
2411	0.9237787848	12872816.52
2412	0.9237834336	12872423.95
2413	0.9237880481	12872034.27
2414	0.9237997232	12871048.28
2415	0.9238069251	12870440.02
2416	0.9238134349	12869890.2
2417	0.9238255196	12868869.45
2418	0.923835491	12868027.14
2419	0.9238397804	12867664.79
2420	0.9238631255	12865692.49
2421	0.9238720781	12864936.06
2422	0.9238868036	12863691.76
2423	0.92389013	12863410.67
2424	0.9238944476	12863045.81
2425	0.9239004282	12862540.38
2426	0.9239131718	12861463.36
2427	0.923923843	12860561.42
2428	0.9239305266	12859996.48
2429	0.923936508	12859490.88
2430	0.9239493027	12858409.28
2431	0.9239590246	12857587.38
2432	0.9239698678	12856670.62
2433	0.9239739148	12856328.44
2434	0.9239889846	12855054.19
2435	0.9239948964	12854554.28
2436	0.9240014034	12854004.01
2437	0.9240069666	12853533.53
2438	0.9240163915	12852736.44
2439	0.9240253296	12851980.48
2440	0.9240315613	12851453.38
2441	0.9240391272	12850813.41
2442	0.924047815	12850078.51
2443	0.9240554976	12849428.59
2444	0.9240606465	12848993
2445	0.9240650802	12848617.9
2446	0.924071095	12848109.02
2447	0.9240825558	12847139.33
2448	0.9240883455	12846649.44
2449	0.9240951977	12846069.62
2450	0.9241327172	12842894.34
2451	0.924139529	12842317.78
2452	0.9241478787	12841611
2453	0.9241511872	12841330.94
2454	0.9241637346	12840268.75
2455	0.924168146	12839895.29
2456	0.9241813463	12838777.69
2457	0.9241932803	12837767.23
2458	0.9242028203	12836959.41
2459	0.9242249627	12835084.26
2460	0.9242424234	12833605.39
2461	0.9242601504	12832103.8
2462	0.9242699692	12831272.01
2463	0.9242751664	12830831.71
2464	0.9242807038	12830362.57
2465	0.9242954435	12829113.71
2466	0.9243023839	12828525.63
2467	0.9243155548	12827409.54
2468	0.9243242094	12826676.11
2469	0.9243354231	12825725.73
2470	0.9243398261	12825352.56
2471	0.9243437711	12825018.19
2472	0.9243485792	12824610.66
2473	0.924360741	12823579.76
2474	0.9243683151	12822937.71
2475	0.9243920038	12820929.41
2476	0.9243954927	12820633.59
2477	0.9244034718	12819957.05
2478	0.9244194355	12818603.38
2479	0.9244341278	12817357.4
2480	0.9244432723	12816581.84
2481	0.9244572424	12815396.92
2482	0.9244665573	12814606.79
2483	0.9244726143	12814092.98
2484	0.9244796956	12813492.26
2485	0.9244858944	12812966.37
2486	0.9244984446	12811901.59
2487	0.9245129615	12810669.84
2488	0.924519518	12810113.48
2489	0.9245276431	12809423.99
2490	0.924534421	12808848.79
2491	0.924538329	12808517.14
2492	0.9245488622	12807623.18
2493	0.9245592301	12806743.19
2494	0.924566459	12806129.58
2495	0.9245737005	12805514.89
2496	0.9245829212	12804732.14
2497	0.9245891278	12804205.24
2498	0.9246124005	12802229.31
2499	0.9246176795	12801781.07
2500	0.9246216729	12801441.98
2501	0.9246322888	12800540.5
2502	0.9246594433	12798234.32
2503	0.9246668256	12797607.28
2504	0.924672451	12797129.45
2505	0.9246759909	12796828.75
2506	0.9246818808	12796328.43
2507	0.9246866043	12795927.16
2508	0.9246976828	12794986
2509	0.9247041568	12794435.98
2510	0.9247080829	12794102.41
2511	0.924732201	12792053.08
2512	0.9247377293	12791583.3
2513	0.9247470619	12790790.19
2514	0.9247530348	12790282.57
2515	0.9247626631	12789464.25
2516	0.9247684931	12788968.72
2517	0.9247715355	12788710.12
2518	0.9247780722	12788154.5
2519	0.9247834332	12787698.79
2520	0.92478678	12787414.29
2521	0.9247884658	12787270.99
2522	0.924793381	12786853.14
2523	0.9248001221	12786280.05
2524	0.9248114531	12785316.71
2525	0.9248152673	12784992.42
2526	0.9248190236	12784673.04
2527	0.9248267248	12784018.22
2528	0.9248325137	12783525.98
2529	0.9248363128	12783202.93
2530	0.9248380898	12783051.82
2531	0.9248440498	12782544.98
2532	0.9248500801	12782032.16
2533	0.9248563293	12781500.7
2534	0.9248642323	12780828.55
2535	0.9248704389	12780300.66
2536	0.924874628	12779944.35
2537	0.9248815617	12779354.57
2538	0.9248854705	12779022.08
2539	0.9248894406	12778684.37
2540	0.9248930413	12778378.06
2541	0.9249057734	12777294.93
2542	0.9249116039	12776798.88
2543	0.9249238292	12775758.73
2544	0.9249269401	12775494.04
2545	0.924930408	12775198.96
2546	0.9249341522	12774880.36
2547	0.9249377674	12774572.74
2548	0.9249437425	12774064.29
2549	0.9249498664	12773543.15
2550	0.924953645	12773221.59
2551	0.9249599696	12772683.35
2552	0.924963343	12772396.24
2553	0.9249837524	12770659.13
2554	0.9249895387	12770166.6
2555	0.9249974664	12769491.75
2556	0.9250092258	12768490.67
2557	0.9250167224	12767852.43
2558	0.9250198945	12767582.37
2559	0.9250294481	12766768.95
2560	0.9250399302	12765876.42
2561	0.925044924	12765451.19
2562	0.925051794	12764866.16
2563	0.9250816778	12762321.07
2564	0.9250857865	12761971.1
2565	0.9250952426	12761165.64
2566	0.9251049305	12760340.37
2567	0.9251101107	12759899.07
2568	0.9251125129	12759694.42
2569	0.9251167178	12759336.19
2570	0.9251212572	12758949.45
2571	0.9251233813	12758768.48
2572	0.9251328378	12757962.77
2573	0.9251406668	12757295.7
2574	0.9251500444	12756496.62
2575	0.9251580791	12755811.93
2576	0.9251661596	12755123.31
2577	0.9251693587	12754850.67
2578	0.925174946	12754374.48
2579	0.9251794138	12753993.7
2580	0.9251852194	12753498.87
2581	0.9251894147	12753141.28
2582	0.9251998604	12752250.9
2583	0.9252249906	12750108.57
2584	0.9252301741	12749666.64
2585	0.9252469077	12748239.86
2586	0.9252644113	12746747.26
2587	0.9252688766	12746366.46
2588	0.9252787126	12745527.6
2589	0.9252840813	12745069.71
2590	0.9252869678	12744823.52
2591	0.925295425	12744102.17
2592	0.925298441	12743844.91
2593	0.9253075998	12743063.65
2594	0.925318961	12742094.47
2595	0.9253256975	12741519.76
2596	0.9253346384	12740756.96
2597	0.9253381133	12740460.48
2598	0.9253434733	12740003.15
2599	0.9253476546	12739646.38
2600	0.9253521949	12739258.96
2601	0.9253612982	12738482.16
2602	0.9253665386	12738034.97
2603	0.9253696787	12737767
2604	0.9253746135	12737345.86
2605	0.9253791381	12736959.71
2606	0.9253936685	12735719.57
2607	0.9253964466	12735482.45
2608	0.9253995341	12735218.91
2609	0.925403603	12734871.6
2610	0.925405719	12734690.99
2611	0.9254161509	12733800.49
2612	0.9254233967	12733181.93
2613	0.9254251011	12733036.42
2614	0.9254326364	12732393.11
2615	0.9254373812	12731988.02
2616	0.9254478657	12731092.84
2617	0.9254652411	12729609.18
2618	0.9254905385	12727448.75
2619	0.9254939473	12727157.61
2620	0.9255190829	12725010.6
2621	0.9255244386	12724553.08
2622	0.9255351497	12723638.02
2623	0.9255414309	12723101.38
2624	0.9255454938	12722754.25
2625	0.9255481888	12722523.99
2626	0.9255505584	12722321.53
2627	0.9255565612	12721808.62
2628	0.9255612721	12721406.09
2629	0.9255633689	12721226.92
2630	0.9255823102	12719608.28
2631	0.9255900399	12718947.67
2632	0.9255990377	12718178.65
2633	0.9256034371	12717802.63
2634	0.9256119334	12717076.4
2635	0.9256227495	12716151.83
2636	0.9256399685	12714679.79
2637	0.9256449179	12714256.64
2638	0.9256509035	12713744.88
2639	0.925653963	12713483.29
2640	0.9256634348	12712673.4
2641	0.9256707493	12712047.94
2642	0.9256796404	12711287.63
2643	0.925685933	12710749.5
2644	0.9256897485	12710423.18
2645	0.9257058406	12709046.87
2646	0.9257096961	12708717.1
2647	0.9257165696	12708129.17
2648	0.9257356336	12706498.36
2649	0.9257431002	12705859.59
2650	0.9257559513	12704760.08
2651	0.9257764951	12703002.22
2652	0.9257860232	12702186.85
2653	0.9257889883	12701933.09
2654	0.9257954883	12701376.82
2655	0.9258020054	12700819.05
2656	0.9258138634	12699804.11
2657	0.9258164012	12699586.89
2658	0.9258182423	12699429.3
2659	0.9258220372	12699104.46
2660	0.9258247352	12698873.51
2661	0.925829165	12698494.32
2662	0.9258348536	12698007.35
2663	0.9258400185	12697565.19
2664	0.9258609413	12695773.88
2665	0.9258644741	12695471.39
2666	0.925879025	12694225.44
2667	0.9258866976	12693568.4
2668	0.9258914637	12693160.24
2669	0.9258931303	12693017.51
2670	0.9258987456	12692536.61
2671	0.9259031798	12692156.84
2672	0.92590691	12691837.37
2673	0.9259166577	12691002.47
2674	0.9259242525	12690351.93
2675	0.9259307597	12689794.52
2676	0.9259377988	12689191.53
2677	0.9259476628	12688346.49
2678	0.9259535696	12687840.44
2679	0.9259608738	12687214.63
2680	0.9259633762	12687000.23
2681	0.9259682546	12686582.24
2682	0.9259781769	12685732.04
2683	0.9260083583	12683145.55
2684	0.9260192296	12682213.78
2685	0.9260304049	12681255.88
2686	0.9260427209	12680200.11
2687	0.9260485872	12679697.2
2688	0.9260520449	12679400.77
2689	0.9260582459	12678869.13
2690	0.9260616899	12678573.86
2691	0.9260652353	12678269.88
2692	0.9260693976	12677913
2693	0.926082822	12676761.91
2694	0.926088671	12676260.36
2695	0.9260918082	12675991.33
2696	0.9260932522	12675867.49
2697	0.9260998722	12675299.78
2698	0.9261070531	12674683.93
2699	0.9261155442	12673955.69
2700	0.9261425168	12671642.07
2701	0.9261548523	12670583.82
2702	0.9261730112	12669025.85
2703	0.9261824866	12668212.82
2704	0.9261857183	12667935.51
2705	0.9261885953	12667688.63
2706	0.926194316	12667197.72
2707	0.9262014105	12666588.9
2708	0.9262106099	12665799.39
2709	0.9262163029	12665310.79
2710	0.926219466	12665039.31
2711	0.9262244802	12664608.93
2712	0.9262357152	12663644.57
2713	0.9262598361	12661573.9
2714	0.9262670051	12660958.41
2715	0.9262694657	12660747.14
2716	0.9262716387	12660560.57
2717	0.9262823571	12659640.26
2718	0.926286161	12659313.63
2719	0.9262924857	12658770.53
2720	0.9262978585	12658309.16
2721	0.9263121172	12657084.64
2722	0.9263237675	12656084.03
2723	0.9263301075	12655539.48
2724	0.9263358788	12655043.75
2725	0.9263391766	12654760.47
2726	0.9263414087	12654568.74
2727	0.9263450523	12654255.75
2728	0.9263553424	12653371.78
2729	0.9263625299	12652754.29
2730	0.9263777459	12651446.98
2731	0.9263824199	12651045.38
2732	0.9263878549	12650578.38
2733	0.9263990841	12649613.45
2734	0.9264055325	12649059.3
2735	0.9264175217	12648028.93
2736	0.926422162	12647630.12
2737	0.926430805	12646887.25
2738	0.9264356429	12646471.41
2739	0.9264397105	12646121.78
2740	0.9264460705	12645575.08
2741	0.9264574331	12644598.29
2742	0.9264599413	12644382.67
2743	0.9264671229	12643765.26
2744	0.9264751154	12643078.09
2745	0.9264798557	12642670.53
2746	0.9264825317	12642440.44
2747	0.9264881248	12641959.52
2748	0.9264917107	12641651.18
2749	0.9264954732	12641327.65
2750	0.9264980167	12641108.93
2751	0.9265053456	12640478.69
2752	0.9265121373	12639894.62
2753	0.9265153384	12639619.32
2754	0.9265219559	12639050.19
2755	0.9265334837	12638058.7
2756	0.9265350663	12637922.57
2757	0.9265401106	12637488.69
2758	0.9265475806	12636846.13
2759	0.9265500668	12636632.26
2760	0.9265519838	12636467.36
2761	0.9265576502	12635979.9
2762	0.926569676	12634945.32
2763	0.9265737702	12634593.09
2764	0.9265793866	12634109.86
2765	0.9265854385	12633589.15
2766	0.9266071412	12631721.65
2767	0.9266177591	12630807.89
2768	0.9266256754	12630126.58
2769	0.9266353006	12629298.14
2770	0.9266444295	12628512.38
2771	0.9266529154	12627781.91
2772	0.9266572125	12627412.01
2773	0.9266667354	12626592.2
2774	0.9266761397	12625782.56
2775	0.9266826252	12625224.16
2776	0.9266919224	12624423.65
2777	0.9266952463	12624137.45
2778	0.926704304	12623357.48
2779	0.9267072117	12623107.1
2780	0.9267178572	12622190.33
2781	0.9267253952	12621541.14
2782	0.9267353017	12620687.91
2783	0.9267384271	12620418.72
2784	0.9267444376	12619901
2785	0.9267492392	12619487.41
2786	0.9267548013	12619008.28
2787	0.9267630352	12618298.98
2788	0.9267662106	12618025.42
2789	0.9267716728	12617554.86
2790	0.9267754634	12617228.28
2791	0.9267775344	12617049.85
2792	0.9267820791	12616658.3
2793	0.9267854394	12616368.77
2794	0.9267882092	12616130.13
2795	0.9268060144	12614595.9
2796	0.9268138772	12613918.33
2797	0.9268194794	12613435.54
2798	0.9268299677	12612531.62
2799	0.9268400247	12611664.82
2800	0.9268450819	12611228.92
2801	0.9268509168	12610725.96
2802	0.9268541251	12610449.41
2803	0.926859201	12610011.86
2804	0.9268625333	12609724.6
2805	0.9268704724	12609040.18
2806	0.9268839376	12607879.29
2807	0.9268887478	12607464.56
2808	0.9268975695	12606703.92
2809	0.926909877	12605642.64
2810	0.9269127568	12605394.3
2811	0.9269201888	12604753.39
2812	0.9269221981	12604580.11
2813	0.9269319652	12603737.75
2814	0.92694035	12603014.58
2815	0.9269454295	12602576.46
2816	0.9269489339	12602274.18
2817	0.9269582651	12601469.28
2818	0.9269641428	12600962.24
2819	0.9269682537	12600607.61
2820	0.9269748184	12600041.27
2821	0.926981375	12599475.6
2822	0.9269884909	12598861.66
2823	0.9269945716	12598337.01
2824	0.9270014626	12597742.41
2825	0.9270057879	12597369.19
2826	0.9270096909	12597032.4
2827	0.9270110498	12596915.13
2828	0.9270147016	12596600
2829	0.927019646	12596173.32
2830	0.9270257225	12595648.92
2831	0.9270292601	12595343.61
2832	0.9270345844	12594884.09
2833	0.9270423078	12594217.49
2834	0.9270458817	12593909.02
2835	0.9270540643	12593202.72
2836	0.9270619244	12592524.23
2837	0.9270786727	12591078.38
2838	0.9270917295	12589951.09
2839	0.9270970702	12589489.96
2840	0.9271011443	12589138.17
2841	0.9271029118	12588985.56
2842	0.9271083907	12588512.46
2843	0.9271436012	12585471.64
2844	0.9271523543	12584715.59
2845	0.9271580855	12584220.54
2846	0.9271644641	12583669.54
2847	0.927186343	12581779.41
2848	0.9272039655	12580256.78
2849	0.9272133319	12579447.43
2850	0.927218859	12578969.81
2851	0.9272280533	12578175.25
2852	0.9272399295	12577148.84
2853	0.927243526	12576837.99
2854	0.9272488157	12576380.79
2855	0.9272602382	12575393.45
2856	0.9272623015	12575215.1
2857	0.9272668868	12574818.73
2858	0.9272705638	12574500.87
2859	0.9272748559	12574129.83
2860	0.9272782104	12573839.82
2861	0.9272962753	12572277.99
2862	0.9273040151	12571608.77
2863	0.9273101067	12571082.03
2864	0.927319406	12570277.89
2865	0.9273214038	12570105.13
2866	0.9273320834	12569181.55
2867	0.9273344469	12568977.15
2868	0.9273374407	12568718.22
2869	0.9273423987	12568289.42
2870	0.9273473418	12567861.88
2871	0.9273520122	12567457.92
2872	0.9273613004	12566654.5
2873	0.9273650611	12566329.19
2874	0.9273737677	12565576.02
2875	0.9273761718	12565368.04
2876	0.9273937355	12563848.51
2877	0.9273958069	12563669.3
2878	0.9274211653	12561475.06
2879	0.9274248589	12561155.42
2880	0.9274287813	12560815.98
2881	0.9274410056	12559758.02
2882	0.9274469253	12559245.67
2883	0.9274516929	12558833.02
2884	0.9274565067	12558416.35
2885	0.9274619159	12557948.14
2886	0.9274655097	12557637.05
2887	0.9274680479	12557417.33
2888	0.9274794335	12556431.71
2889	0.9274891956	12555586.56
2890	0.9274966642	12554939.93
2891	0.9275000581	12554646.07
2892	0.9275040059	12554304.25
2893	0.9275077279	12553981.98
2894	0.9275088741	12553882.73
2895	0.9275131856	12553509.4
2896	0.9275191885	12552989.58
2897	0.9275280436	12552222.75
2898	0.9275370745	12551440.64
2899	0.9275406866	12551127.81
2900	0.9275449915	12550754.96
2901	0.9275512601	12550212.03
2902	0.9275594558	12549502.14
2903	0.9275731157	12548318.87
2904	0.9275794106	12547773.55
2905	0.9275880779	12547022.67
2906	0.9275897165	12546880.71
2907	0.9275999667	12545992.62
2908	0.927603191	12545713.26
2909	0.9276052527	12545534.61
2910	0.9276125714	12544900.45
2911	0.9276202517	12544234.93
2912	0.9276256064	12543770.91
2913	0.927629631	12543422.13
2914	0.9276358317	12542884.77
2915	0.927640794	12542454.7
2916	0.9276432419	12542242.54
2917	0.9276522332	12541463.25
2918	0.9276541324	12541298.64
2919	0.9276570093	12541049.27
2920	0.9276619518	12540620.86
2921	0.9276866115	12538483.16
2922	0.9276979397	12537501.02
2923	0.9277019756	12537151.09
2924	0.9277043709	12536943.41
2925	0.9277077599	12536649.55
2926	0.9277237911	12535259.44
2927	0.9277251385	12535142.6
2928	0.9277333382	12534431.51
2929	0.9277390814	12533933.43
2930	0.9277437489	12533528.63
2931	0.9277476623	12533189.22
2932	0.9277595977	12532153.99
2933	0.9277742726	12530881.04
2934	0.9277801753	12530368.98
2935	0.9277833639	12530092.36
2936	0.9278066963	12528068.03
2937	0.92782211	12526730.55
2938	0.9278309477	12525963.62
2939	0.927834251	12525676.95
2940	0.9278373353	12525409.28
2941	0.9278452825	12524719.55
2942	0.9278481642	12524469.44
2943	0.9278552323	12523855.97
2944	0.9278610723	12523349.07
2945	0.9278697262	12522597.89
2946	0.9278773493	12521936.14
2947	0.9278846866	12521299.18
2948	0.9278915116	12520706.65
2949	0.9278931412	12520565.18
2950	0.9278989912	12520057.27
2951	0.927904415	12519586.35
2952	0.9279165746	12518530.53
2953	0.9279193024	12518293.66
2954	0.9279449233	12516068.67
2955	0.9279561584	12515092.85
2956	0.9279696324	12513922.48
2957	0.9279784273	12513158.48
2958	0.9279822531	12512826.13
2959	0.9279872525	12512391.81
2960	0.9279905571	12512104.71
2961	0.9279994192	12511334.77
2962	0.9280028204	12511039.26
2963	0.9280049832	12510851.33
2964	0.9280113466	12510298.43
2965	0.9280149162	12509988.26
2966	0.9280199028	12509554.95
2967	0.9280238918	12509208.32
2968	0.9280295577	12508715.95
2969	0.9280361075	12508146.75
2970	0.9280455175	12507328.94
2971	0.9280497191	12506963.77
2972	0.9280549319	12506510.69
2973	0.9280603307	12506041.43
2974	0.92806377	12505742.49
2975	0.9280650106	12505634.65
2976	0.9280684547	12505335.27
2977	0.9280719372	12505032.56
2978	0.9280792272	12504398.84
2979	0.9280819335	12504163.57
2980	0.9280857207	12503834.34
2981	0.9280873866	12503689.51
2982	0.9280986884	12502706.93
2983	0.9281042629	12502222.25
2984	0.9281092825	12501785.81
2985	0.9281117879	12501567.96
2986	0.9281238736	12500517.05
2987	0.9281281886	12500141.81
2988	0.9281300942	12499976.1
2989	0.9281334924	12499680.58
2990	0.9281387908	12499219.8
2991	0.9281434763	12498812.3
2992	0.9281519843	12498072.34
2993	0.9281546902	12497836.98
2994	0.9281597595	12497396.06
2995	0.9281706136	12496451.93
2996	0.9281758297	12495998.19
2997	0.9281833421	12495344.67
2998	0.9281884802	12494897.68
2999	0.9281921167	12494581.3
3000	0.9281989448	12493987.25
3001	0.9282097418	12493047.82
3002	0.9282138355	12492691.62
3003	0.9282180443	12492325.39
3004	0.928223389	12491860.31
3005	0.928228491	12491416.33
3006	0.9282318355	12491125.29
3007	0.9282390891	12490494.03
3008	0.9282454284	12489942.32
3009	0.928255133	12489097.68
3010	0.9282597405	12488696.64
3011	0.9282621516	12488486.78
3012	0.9282848816	12486508.15
3013	0.9282922483	12485866.81
3014	0.9282954761	12485585.79
3015	0.9282985169	12485321.05
3016	0.9283022028	12485000.13
3017	0.9283052961	12484730.8
3018	0.9283138383	12483987.03
3019	0.92831569	12483825.78
3020	0.9283200687	12483444.51
3021	0.9283266274	12482873.38
3022	0.9283312455	12482471.21
3023	0.9283335214	12482273.02
3024	0.9283359431	12482062.12
3025	0.9283429396	12481452.8
3026	0.928347027	12481096.82
3027	0.9283559284	12480321.53
3028	0.9283615895	12479828.45
3029	0.9283654316	12479493.78
3030	0.9283689918	12479183.67
3031	0.9283810606	12478132.35
3032	0.928385369	12477757.02
3033	0.9283869603	12477618.39
3034	0.9283902594	12477330.97
3035	0.9283959266	12476837.23
3036	0.9284065261	12475913.72
3037	0.9284183154	12474886.48
3038	0.9284237006	12474417.21
3039	0.9284251737	12474288.85
3040	0.9284310511	12473776.67
3041	0.9284368263	12473273.38
3042	0.9284421166	12472812.33
3043	0.9284490929	12472204.32
3044	0.9284550734	12471683.07
3045	0.9284604485	12471214.56
3046	0.9284726854	12470147.92
3047	0.9284814274	12469385.85
3048	0.9284869403	12468905.25
3049	0.928489685	12468665.96
3050	0.9284945306	12468243.52
3051	0.9285009711	12467681.99
3052	0.9285098082	12466911.49
3053	0.9285141857	12466529.78
3054	0.9285241583	12465660.19
3055	0.9285292379	12465217.23
3056	0.9285412822	12464166.86
3057	0.9285452664	12463819.39
3058	0.9285534421	12463106.32
3059	0.9285580273	12462706.39
3060	0.9285625611	12462310.94
3061	0.9285655902	12462046.73
3062	0.9285718135	12461503.87
3063	0.9285759293	12461144.84
3064	0.9285772843	12461026.64
3065	0.9285795181	12460831.77
3066	0.9285867734	12460198.83
3067	0.9286078141	12458363.11
3068	0.9286157975	12457666.51
3069	0.9286225081	12457080.94
3070	0.9286260622	12456770.8
3071	0.9286330124	12456164.29
3072	0.928635666	12455932.71
3073	0.9286393031	12455615.3
3074	0.9286432289	12455272.67
3075	0.928647548	12454895.72
3076	0.9286519007	12454515.83
3077	0.928656796	12454088.55
3078	0.9286852028	12451608.88
3079	0.9286893763	12451244.53
3080	0.9286928257	12450943.39
3081	0.9287012845	12450204.87
3082	0.9287040565	12449962.84
3083	0.9287110176	12449355.04
3084	0.928716485	12448877.63
3085	0.928719824	12448586.07
3086	0.9287228461	12448322.17
3087	0.9287269734	12447961.76
3088	0.9287332541	12447413.28
3089	0.9287363309	12447144.58
3090	0.9287435252	12446516.27
3091	0.928748623	12446071.04
3092	0.9287678481	12444391.83
3093	0.9287729269	12443948.18
3094	0.9287760267	12443677.4
3095	0.9287838305	12442995.67
3096	0.9287886365	12442575.81
3097	0.9287929412	12442199.73
3098	0.9288012265	12441475.85
3099	0.9288046549	12441176.31
3100	0.9288216144	12439694.4
3101	0.928826064	12439305.58
3102	0.9288374298	12438312.32
3103	0.9288403789	12438054.58
3104	0.9288455114	12437606.02
3105	0.9288552329	12436756.34
3106	0.9288580065	12436513.91
3107	0.9288594781	12436385.29
3108	0.9288639412	12435995.17
3109	0.9288685704	12435590.53
3110	0.9288708902	12435387.74
3111	0.928873927	12435122.29
3112	0.9288824924	12434373.51
3113	0.9288848822	12434164.59
3114	0.9288879886	12433893.01
3115	0.9289002526	12432820.79
3116	0.9289049335	12432411.52
3117	0.9289117133	12431818.71
3118	0.9289172012	12431338.85
3119	0.9289246997	12430683.14
3120	0.9289302299	12430199.53
3121	0.9289370672	12429601.59
3122	0.9289381724	12429504.94
3123	0.9289448822	12428918.11
3124	0.9289498176	12428486.45
3125	0.9289531788	12428192.47
3126	0.9289575497	12427810.16
3127	0.9289650135	12427157.31
3128	0.9289686474	12426839.44
3129	0.9289741005	12426362.42
3130	0.9289806919	12425785.81
3131	0.9289844807	12425454.35
3132	0.9289907366	12424907.05
3133	0.9289927734	12424728.86
3134	0.9289948821	12424544.36
3135	0.9289995129	12424139.21
3136	0.9290055187	12423613.73
3137	0.9290103585	12423190.26
3138	0.9290141692	12422856.82
3139	0.9290189622	12422437.41
3140	0.9290216574	12422201.56
3141	0.9290315267	12421337.9
3142	0.9290353799	12421000.69
3143	0.9290385884	12420719.89
3144	0.9290404981	12420552.76
3145	0.929042958	12420337.47
3146	0.9290511375	12419621.58
3147	0.9290566666	12419137.63
3148	0.9290700732	12417964.12
3149	0.9290737055	12417646.15
3150	0.9290804837	12417052.78
3151	0.9290834111	12416796.51
3152	0.9290953578	12415750.59
